0	join	[[2, 9, 8, 8, 6, 5, 5, 5, 4, 1, 3, 3, 1]]
1	join	[[2, 9, 8, 8, 6, 5, 5, 5, 4, 1, 3, 3, 1]]
2	join	[[2, 9, 8, 8, 6, 5, 5, 5, 4, 1, 3, 3, 1]]
3	join	[[2, 9, 8, 8, 6, 5, 5, 5, 4, 1, 3, 3, 1]]
4	join	[[2, 9, 8, 8, 6, 5, 5, 5, 4, 1, 3, 3, 1]]
5	join	[[2, 9, 8, 8, 6, 5, 5, 5, 4, 1, 3, 3, 1]]
6	join	[[2, 9, 8, 8, 6, 5, 5, 5, 4, 1, 3, 3, 1]]
7	join	[[2, 9, 8, 8, 6, 5, 5, 5, 4, 1, 3, 3, 1]]
8	join	[[2, 9, 8, 8, 6, 5, 5, 5, 4, 1, 3, 3, 1]]
9	join	[[2, 9, 8, 8, 6, 5, 5, 5, 4, 1, 3, 3, 1]]
10	join	[[2, 9, 8, 8, 6, 5, 5, 5, 4, 1, 3, 3, 1]]
11	join	[[2, 9, 8, 8, 6, 5, 5, 5, 4, 1, 3, 3, 1]]
12	join	[[2, 9, 8, 8, 6, 5, 5, 5, 4, 1, 3, 3, 1]]
13	join	[[2, 9, 8, 8, 6, 5, 5, 5, 4, 1, 3, 3, 1]]
14	join	[[2, 9, 8, 8, 6, 5, 5, 5, 4, 1, 3, 3, 1]]
15	join	[[2, 9, 8, 8, 6, 5, 5, 5, 4, 1, 3, 3, 1]]
16	join	[[2, 9, 8, 8, 6, 5, 5, 5, 4, 1, 3, 3, 1]]
17	join	[[2, 9, 8, 8, 6, 5, 5, 5, 4, 1, 3, 3, 1]]
18	join	[[2, 9, 8, 8, 6, 5, 5, 5, 4, 1, 3, 3, 1]]
19	join	[[2, 9, 8, 8, 6, 5, 5, 5, 4, 1, 3, 3, 1]]
20	join	[[2, 9, 8, 8, 6, 5, 5, 5, 4, 1, 3, 3, 1]]
21	join	[[2, 9, 8, 8, 6, 5, 5, 5, 4, 1, 3, 3, 1]]
22	join	[[2, 9, 8, 8, 6, 5, 5, 5, 4, 1, 3, 3, 1]]
23	join	[[2, 9, 8, 8, 6, 5, 5, 5, 4, 1, 3, 3, 1]]
24	join	[[2, 9, 8, 8, 6, 5, 5, 5, 4, 1, 3, 3, 1]]
25	join	[[2, 9, 8, 8, 6, 5, 5, 5, 4, 1, 3, 3, 1]]
26	join	[[2, 9, 8, 8, 6, 5, 5, 5, 4, 1, 3, 3, 1]]
27	join	[[2, 9, 8, 8, 6, 5, 5, 5, 4, 1, 3, 3, 1]]
28	join	[[2, 9, 8, 8, 6, 5, 5, 5, 4, 1, 3, 3, 1]]
29	join	[[2, 9, 8, 8, 6, 5, 5, 5, 4, 1, 3, 3, 1]]
30	join	[[2, 9, 8, 8, 6, 5, 5, 5, 4, 1, 3, 3, 1]]
31	join	[[2, 9, 8, 8, 6, 5, 5, 5, 4, 1, 3, 3, 1]]
32	join	[[2, 9, 8, 8, 6, 5, 5, 5, 4, 1, 3, 3, 1]]
33	join	[[2, 9, 8, 8, 6, 5, 5, 5, 4, 1, 3, 3, 1]]
34	join	[[2, 9, 8, 8, 6, 5, 5, 5, 4, 1, 3, 3, 1]]
35	join	[[2, 9, 8, 8, 6, 5, 5, 5, 4, 1, 3, 3, 1]]
36	join	[[2, 9, 8, 8, 6, 5, 5, 5, 4, 1, 3, 3, 1]]
37	join	[[2, 9, 8, 8, 6, 5, 5, 5, 4, 1, 3, 3, 1]]
38	join	[[2, 9, 8, 8, 6, 5, 5, 5, 4, 1, 3, 3, 1]]
39	join	[[2, 9, 8, 8, 6, 5, 5, 5, 4, 1, 3, 3, 1]]
40	join	[[2, 9, 8, 8, 6, 5, 5, 5, 4, 1, 3, 3, 1]]
41	join	[[2, 9, 8, 8, 6, 5, 5, 5, 4, 1, 3, 3, 1]]
42	join	[[2, 9, 8, 8, 6, 5, 5, 5, 4, 1, 3, 3, 1]]
43	join	[[2, 9, 8, 8, 6, 5, 5, 5, 4, 1, 3, 3, 1]]
44	join	[[2, 9, 8, 8, 6, 5, 5, 5, 4, 1, 3, 3, 1]]
45	join	[[2, 9, 8, 8, 6, 5, 5, 5, 4, 1, 3, 3, 1]]
46	join	[[2, 9, 8, 8, 6, 5, 5, 5, 4, 1, 3, 3, 1]]
47	join	[[2, 9, 8, 8, 6, 5, 5, 5, 4, 1, 3, 3, 1]]
48	join	[[2, 9, 8, 8, 6, 5, 5, 5, 4, 1, 3, 3, 1]]
49	join	[[2, 9, 8, 8, 6, 5, 5, 5, 4, 1, 3, 3, 1]]
50	join	[[2, 9, 8, 8, 6, 5, 5, 5, 4, 1, 3, 3, 1]]
51	join	[[2, 9, 8, 8, 6, 5, 5, 5, 4, 1, 3, 3, 1]]
52	join	[[2, 9, 8, 8, 6, 5, 5, 5, 4, 1, 3, 3, 1]]
53	join	[[2, 9, 8, 8, 6, 5, 5, 5, 4, 1, 3, 3, 1]]
54	join	[[2, 9, 8, 8, 6, 5, 5, 5, 4, 1, 3, 3, 1]]
55	join	[[2, 9, 8, 8, 6, 5, 5, 5, 4, 1, 3, 3, 1]]
56	join	[[2, 9, 8, 8, 6, 5, 5, 5, 4, 1, 3, 3, 1]]
57	join	[[2, 9, 8, 8, 6, 5, 5, 5, 4, 1, 3, 3, 1]]
58	join	[[2, 9, 8, 8, 6, 5, 5, 5, 4, 1, 3, 3, 1]]
59	join	[[2, 9, 8, 8, 6, 5, 5, 5, 4, 1, 3, 3, 1]]
60	join	[[2, 9, 8, 8, 6, 5, 5, 5, 4, 1, 3, 3, 1]]
61	join	[[2, 9, 8, 8, 6, 5, 5, 5, 4, 1, 3, 3, 1]]
62	join	[[2, 9, 8, 8, 6, 5, 5, 5, 4, 1, 3, 3, 1]]
63	join	[[2, 9, 8, 8, 6, 5, 5, 5, 4, 1, 3, 3, 1]]
64	join	[[2, 9, 8, 8, 6, 5, 5, 5, 4, 1, 3, 3, 1]]
65	join	[[2, 9, 8, 8, 6, 5, 5, 5, 4, 1, 3, 3, 1]]
66	join	[[2, 9, 8, 8, 6, 5, 5, 5, 4, 1, 3, 3, 1]]
67	join	[[2, 9, 8, 8, 6, 5, 5, 5, 4, 1, 3, 3, 1]]
68	join	[[2, 9, 8, 8, 6, 5, 5, 5, 4, 1, 3, 3, 1]]
69	join	[[2, 9, 8, 8, 6, 5, 5, 5, 4, 1, 3, 3, 1]]
70	join	[[2, 9, 8, 8, 6, 5, 5, 5, 4, 1, 3, 3, 1]]
71	join	[[2, 9, 8, 8, 6, 5, 5, 5, 4, 1, 3, 3, 1]]
72	join	[[2, 9, 8, 8, 6, 5, 5, 5, 4, 1, 3, 3, 1]]
73	join	[[2, 9, 8, 8, 6, 5, 5, 5, 4, 1, 3, 3, 1]]
74	join	[[2, 9, 8, 8, 6, 5, 5, 5, 4, 1, 3, 3, 1]]
75	join	[[2, 9, 8, 8, 6, 5, 5, 5, 4, 1, 3, 3, 1]]
76	join	[[2, 9, 8, 8, 6, 5, 5, 5, 4, 1, 3, 3, 1]]
77	join	[[2, 9, 8, 8, 6, 5, 5, 5, 4, 1, 3, 3, 1]]
78	join	[[2, 9, 8, 8, 6, 5, 5, 5, 4, 1, 3, 3, 1]]
79	join	[[2, 9, 8, 8, 6, 5, 5, 5, 4, 1, 3, 3, 1]]
80	join	[[2, 9, 8, 8, 6, 5, 5, 5, 4, 1, 3, 3, 1]]
81	join	[[2, 9, 8, 8, 6, 5, 5, 5, 4, 1, 3, 3, 1]]
82	join	[[2, 9, 8, 8, 6, 5, 5, 5, 4, 1, 3, 3, 1]]
83	join	[[2, 9, 8, 8, 6, 5, 5, 5, 4, 1, 3, 3, 1]]
84	join	[[2, 9, 8, 8, 6, 5, 5, 5, 4, 1, 3, 3, 1]]
85	join	[[2, 9, 8, 8, 6, 5, 5, 5, 4, 1, 3, 3, 1]]
86	join	[[2, 9, 8, 8, 6, 5, 5, 5, 4, 1, 3, 3, 1]]
87	join	[[2, 9, 8, 8, 6, 5, 5, 5, 4, 1, 3, 3, 1]]
88	join	[[2, 9, 8, 8, 6, 5, 5, 5, 4, 1, 3, 3, 1]]
89	join	[[2, 9, 8, 8, 6, 5, 5, 5, 4, 1, 3, 3, 1]]
90	join	[[2, 9, 8, 8, 6, 5, 5, 5, 4, 1, 3, 3, 1]]
91	join	[[2, 9, 8, 8, 6, 5, 5, 5, 4, 1, 3, 3, 1]]
92	join	[[2, 9, 8, 8, 6, 5, 5, 5, 4, 1, 3, 3, 1]]
93	join	[[2, 9, 8, 8, 6, 5, 5, 5, 4, 1, 3, 3, 1]]
94	join	[[2, 9, 8, 8, 6, 5, 5, 5, 4, 1, 3, 3, 1]]
95	join	[[2, 9, 8, 8, 6, 5, 5, 5, 4, 1, 3, 3, 1]]
96	join	[[2, 9, 8, 8, 6, 5, 5, 5, 4, 1, 3, 3, 1]]
97	join	[[2, 9, 8, 8, 6, 5, 5, 5, 4, 1, 3, 3, 1]]
98	join	[[2, 9, 8, 8, 6, 5, 5, 5, 4, 1, 3, 3, 1]]
99	join	[[2, 9, 8, 8, 6, 5, 5, 5, 4, 1, 3, 3, 1]]
100	join	[[2, 9, 8, 8, 6, 5, 5, 5, 4, 1, 3, 3, 1]]
101	join	[[2, 9, 8, 8, 6, 5, 5, 5, 4, 1, 3, 3, 1]]
102	join	[[2, 9, 8, 8, 6, 5, 5, 5, 4, 1, 3, 3, 1]]
103	join	[[2, 9, 8, 8, 6, 5, 5, 5, 4, 1, 3, 3, 1]]
104	join	[[2, 9, 8, 8, 6, 5, 5, 5, 4, 1, 3, 3, 1]]
105	join	[[2, 9, 8, 8, 6, 5, 5, 5, 4, 1, 3, 3, 1]]
106	join	[[2, 9, 8, 8, 6, 5, 5, 5, 4, 1, 3, 3, 1]]
107	join	[[2, 9, 8, 8, 6, 5, 5, 5, 4, 1, 3, 3, 1]]
108	join	[[2, 9, 8, 8, 6, 5, 5, 5, 4, 1, 3, 3, 1]]
109	join	[[2, 9, 8, 8, 6, 5, 5, 5, 4, 1, 3, 3, 1]]
110	join	[[2, 9, 8, 8, 6, 5, 5, 5, 4, 1, 3, 3, 1]]
111	join	[[2, 9, 8, 8, 6, 5, 5, 5, 4, 1, 3, 3, 1]]
112	join	[[2, 9, 8, 8, 6, 5, 5, 5, 4, 1, 3, 3, 1]]
113	join	[[2, 9, 8, 8, 6, 5, 5, 5, 4, 1, 3, 3, 1]]
114	join	[[2, 9, 8, 8, 6, 5, 5, 5, 4, 1, 3, 3, 1]]
115	join	[[2, 9, 8, 8, 6, 5, 5, 5, 4, 1, 3, 3, 1]]
116	join	[[2, 9, 8, 8, 6, 5, 5, 5, 4, 1, 3, 3, 1]]
117	join	[[2, 9, 8, 8, 6, 5, 5, 5, 4, 1, 3, 3, 1]]
118	join	[[2, 9, 8, 8, 6, 5, 5, 5, 4, 1, 3, 3, 1]]
119	join	[[2, 9, 8, 8, 6, 5, 5, 5, 4, 1, 3, 3, 1]]
120	join	[[2, 9, 8, 8, 6, 5, 5, 5, 4, 1, 3, 3, 1]]
121	join	[[2, 9, 8, 8, 6, 5, 5, 5, 4, 1, 3, 3, 1]]
122	join	[[2, 9, 8, 8, 6, 5, 5, 5, 4, 1, 3, 3, 1]]
123	join	[[2, 9, 8, 8, 6, 5, 5, 5, 4, 1, 3, 3, 1]]
124	join	[[2, 9, 8, 8, 6, 5, 5, 5, 4, 1, 3, 3, 1]]
125	join	[[2, 9, 8, 8, 6, 5, 5, 5, 4, 1, 3, 3, 1]]
126	join	[[2, 9, 8, 8, 6, 5, 5, 5, 4, 1, 3, 3, 1]]
127	join	[[2, 9, 8, 8, 6, 5, 5, 5, 4, 1, 3, 3, 1]]
128	join	[[2, 9, 8, 8, 6, 5, 5, 5, 4, 1, 3, 3, 1]]
129	join	[[2, 9, 8, 8, 6, 5, 5, 5, 4, 1, 3, 3, 1]]
130	join	[[2, 9, 8, 8, 6, 5, 5, 5, 4, 1, 3, 3, 1]]
131	join	[[2, 9, 8, 8, 6, 5, 5, 5, 4, 1, 3, 3, 1]]
132	join	[[2, 9, 8, 8, 6, 5, 5, 5, 4, 1, 3, 3, 1]]
133	join	[[2, 9, 8, 8, 6, 5, 5, 5, 4, 1, 3, 3, 1]]
134	join	[[2, 9, 8, 8, 6, 5, 5, 5, 4, 1, 3, 3, 1]]
135	join	[[2, 9, 8, 8, 6, 5, 5, 5, 4, 1, 3, 3, 1]]
136	join	[[2, 9, 8, 8, 6, 5, 5, 5, 4, 1, 3, 3, 1]]
137	join	[[2, 9, 8, 8, 6, 5, 5, 5, 4, 1, 3, 3, 1]]
138	join	[[2, 9, 8, 8, 6, 5, 5, 5, 4, 1, 3, 3, 1]]
139	join	[[2, 9, 8, 8, 6, 5, 5, 5, 4, 1, 3, 3, 1]]
140	join	[[2, 9, 8, 8, 6, 5, 5, 5, 4, 1, 3, 3, 1]]
141	join	[[2, 9, 8, 8, 6, 5, 5, 5, 4, 1, 3, 3, 1]]
142	join	[[2, 9, 8, 8, 6, 5, 5, 5, 4, 1, 3, 3, 1]]
143	join	[[2, 9, 8, 8, 6, 5, 5, 5, 4, 1, 3, 3, 1]]
144	join	[[2, 9, 8, 8, 6, 5, 5, 5, 4, 1, 3, 3, 1]]
145	join	[[2, 9, 8, 8, 6, 5, 5, 5, 4, 1, 3, 3, 1]]
146	join	[[2, 9, 8, 8, 6, 5, 5, 5, 4, 1, 3, 3, 1]]
147	join	[[2, 9, 8, 8, 6, 5, 5, 5, 4, 1, 3, 3, 1]]
148	join	[[2, 9, 8, 8, 6, 5, 5, 5, 4, 1, 3, 3, 1]]
149	join	[[2, 9, 8, 8, 6, 5, 5, 5, 4, 1, 3, 3, 1]]
150	join	[[2, 9, 8, 8, 6, 5, 5, 5, 4, 1, 3, 3, 1]]
151	join	[[2, 9, 8, 8, 6, 5, 5, 5, 4, 1, 3, 3, 1]]
152	join	[[2, 9, 8, 8, 6, 5, 5, 5, 4, 1, 3, 3, 1]]
153	join	[[2, 9, 8, 8, 6, 5, 5, 5, 4, 1, 3, 3, 1]]
154	join	[[2, 9, 8, 8, 6, 5, 5, 5, 4, 1, 3, 3, 1]]
155	join	[[2, 9, 8, 8, 6, 5, 5, 5, 4, 1, 3, 3, 1]]
156	join	[[2, 9, 8, 8, 6, 5, 5, 5, 4, 1, 3, 3, 1]]
157	join	[[2, 9, 8, 8, 6, 5, 5, 5, 4, 1, 3, 3, 1]]
158	join	[[2, 9, 8, 8, 6, 5, 5, 5, 4, 1, 3, 3, 1]]
159	join	[[2, 9, 8, 8, 6, 5, 5, 5, 4, 1, 3, 3, 1]]
160	join	[[2, 9, 8, 8, 6, 5, 5, 5, 4, 1, 3, 3, 1]]
161	join	[[2, 9, 8, 8, 6, 5, 5, 5, 4, 1, 3, 3, 1]]
162	join	[[2, 9, 8, 8, 6, 5, 5, 5, 4, 1, 3, 3, 1]]
163	join	[[2, 9, 8, 8, 6, 5, 5, 5, 4, 1, 3, 3, 1]]
164	join	[[2, 9, 8, 8, 6, 5, 5, 5, 4, 1, 3, 3, 1]]
165	join	[[2, 9, 8, 8, 6, 5, 5, 5, 4, 1, 3, 3, 1]]
166	join	[[2, 9, 8, 8, 6, 5, 5, 5, 4, 1, 3, 3, 1]]
167	join	[[2, 9, 8, 8, 6, 5, 5, 5, 4, 1, 3, 3, 1]]
168	join	[[2, 9, 8, 8, 6, 5, 5, 5, 4, 1, 3, 3, 1]]
169	join	[[2, 9, 8, 8, 6, 5, 5, 5, 4, 1, 3, 3, 1]]
170	join	[[2, 9, 8, 8, 6, 5, 5, 5, 4, 1, 3, 3, 1]]
171	join	[[2, 9, 8, 8, 6, 5, 5, 5, 4, 1, 3, 3, 1]]
172	join	[[2, 9, 8, 8, 6, 5, 5, 5, 4, 1, 3, 3, 1]]
173	join	[[2, 9, 8, 8, 6, 5, 5, 5, 4, 1, 3, 3, 1]]
174	join	[[2, 9, 8, 8, 6, 5, 5, 5, 4, 1, 3, 3, 1]]
175	join	[[2, 9, 8, 8, 6, 5, 5, 5, 4, 1, 3, 3, 1]]
176	join	[[2, 9, 8, 8, 6, 5, 5, 5, 4, 1, 3, 3, 1]]
177	join	[[2, 9, 8, 8, 6, 5, 5, 5, 4, 1, 3, 3, 1]]
178	join	[[2, 9, 8, 8, 6, 5, 5, 5, 4, 1, 3, 3, 1]]
179	join	[[2, 9, 8, 8, 6, 5, 5, 5, 4, 1, 3, 3, 1]]
180	join	[[2, 9, 8, 8, 6, 5, 5, 5, 4, 1, 3, 3, 1]]
181	join	[[2, 9, 8, 8, 6, 5, 5, 5, 4, 1, 3, 3, 1]]
182	join	[[2, 9, 8, 8, 6, 5, 5, 5, 4, 1, 3, 3, 1]]
183	join	[[2, 9, 8, 8, 6, 5, 5, 5, 4, 1, 3, 3, 1]]
184	join	[[2, 9, 8, 8, 6, 5, 5, 5, 4, 1, 3, 3, 1]]
185	join	[[2, 9, 8, 8, 6, 5, 5, 5, 4, 1, 3, 3, 1]]
186	join	[[2, 9, 8, 8, 6, 5, 5, 5, 4, 1, 3, 3, 1]]
187	join	[[2, 9, 8, 8, 6, 5, 5, 5, 4, 1, 3, 3, 1]]
188	join	[[2, 9, 8, 8, 6, 5, 5, 5, 4, 1, 3, 3, 1]]
189	join	[[2, 9, 8, 8, 6, 5, 5, 5, 4, 1, 3, 3, 1]]
190	join	[[2, 9, 8, 8, 6, 5, 5, 5, 4, 1, 3, 3, 1]]
191	join	[[2, 9, 8, 8, 6, 5, 5, 5, 4, 1, 3, 3, 1]]
192	join	[[2, 9, 8, 8, 6, 5, 5, 5, 4, 1, 3, 3, 1]]
193	join	[[2, 9, 8, 8, 6, 5, 5, 5, 4, 1, 3, 3, 1]]
194	join	[[2, 9, 8, 8, 6, 5, 5, 5, 4, 1, 3, 3, 1]]
195	join	[[2, 9, 8, 8, 6, 5, 5, 5, 4, 1, 3, 3, 1]]
196	join	[[2, 9, 8, 8, 6, 5, 5, 5, 4, 1, 3, 3, 1]]
197	join	[[2, 9, 8, 8, 6, 5, 5, 5, 4, 1, 3, 3, 1]]
198	join	[[2, 9, 8, 8, 6, 5, 5, 5, 4, 1, 3, 3, 1]]
199	join	[[2, 9, 8, 8, 6, 5, 5, 5, 4, 1, 3, 3, 1]]
200	join	[[2, 9, 8, 8, 6, 5, 5, 5, 4, 1, 3, 3, 1]]
201	join	[[2, 9, 8, 8, 6, 5, 5, 5, 4, 1, 3, 3, 1]]
202	join	[[2, 9, 8, 8, 6, 5, 5, 5, 4, 1, 3, 3, 1]]
203	join	[[2, 9, 8, 8, 6, 5, 5, 5, 4, 1, 3, 3, 1]]
204	join	[[2, 9, 8, 8, 6, 5, 5, 5, 4, 1, 3, 3, 1]]
205	join	[[2, 9, 8, 8, 6, 5, 5, 5, 4, 1, 3, 3, 1]]
206	join	[[2, 9, 8, 8, 6, 5, 5, 5, 4, 1, 3, 3, 1]]
207	join	[[2, 9, 8, 8, 6, 5, 5, 5, 4, 1, 3, 3, 1]]
208	join	[[2, 9, 8, 8, 6, 5, 5, 5, 4, 1, 3, 3, 1]]
209	join	[[2, 9, 8, 8, 6, 5, 5, 5, 4, 1, 3, 3, 1]]
210	join	[[2, 9, 8, 8, 6, 5, 5, 5, 4, 1, 3, 3, 1]]
211	join	[[2, 9, 8, 8, 6, 5, 5, 5, 4, 1, 3, 3, 1]]
212	join	[[2, 9, 8, 8, 6, 5, 5, 5, 4, 1, 3, 3, 1]]
213	join	[[2, 9, 8, 8, 6, 5, 5, 5, 4, 1, 3, 3, 1]]
214	join	[[2, 9, 8, 8, 6, 5, 5, 5, 4, 1, 3, 3, 1]]
215	join	[[2, 9, 8, 8, 6, 5, 5, 5, 4, 1, 3, 3, 1]]
216	join	[[2, 9, 8, 8, 6, 5, 5, 5, 4, 1, 3, 3, 1]]
217	join	[[2, 9, 8, 8, 6, 5, 5, 5, 4, 1, 3, 3, 1]]
218	join	[[2, 9, 8, 8, 6, 5, 5, 5, 4, 1, 3, 3, 1]]
219	join	[[2, 9, 8, 8, 6, 5, 5, 5, 4, 1, 3, 3, 1]]
220	join	[[2, 9, 8, 8, 6, 5, 5, 5, 4, 1, 3, 3, 1]]
221	join	[[2, 9, 8, 8, 6, 5, 5, 5, 4, 1, 3, 3, 1]]
222	join	[[2, 9, 8, 8, 6, 5, 5, 5, 4, 1, 3, 3, 1]]
223	join	[[2, 9, 8, 8, 6, 5, 5, 5, 4, 1, 3, 3, 1]]
224	join	[[2, 9, 8, 8, 6, 5, 5, 5, 4, 1, 3, 3, 1]]
225	join	[[2, 9, 8, 8, 6, 5, 5, 5, 4, 1, 3, 3, 1]]
226	join	[[2, 9, 8, 8, 6, 5, 5, 5, 4, 1, 3, 3, 1]]
227	join	[[2, 9, 8, 8, 6, 5, 5, 5, 4, 1, 3, 3, 1]]
228	join	[[2, 9, 8, 8, 6, 5, 5, 5, 4, 1, 3, 3, 1]]
229	join	[[2, 9, 8, 8, 6, 5, 5, 5, 4, 1, 3, 3, 1]]
230	join	[[2, 9, 8, 8, 6, 5, 5, 5, 4, 1, 3, 3, 1]]
231	join	[[2, 9, 8, 8, 6, 5, 5, 5, 4, 1, 3, 3, 1]]
232	join	[[2, 9, 8, 8, 6, 5, 5, 5, 4, 1, 3, 3, 1]]
233	join	[[2, 9, 8, 8, 6, 5, 5, 5, 4, 1, 3, 3, 1]]
234	join	[[2, 9, 8, 8, 6, 5, 5, 5, 4, 1, 3, 3, 1]]
235	join	[[2, 9, 8, 8, 6, 5, 5, 5, 4, 1, 3, 3, 1]]
236	join	[[2, 9, 8, 8, 6, 5, 5, 5, 4, 1, 3, 3, 1]]
237	join	[[2, 9, 8, 8, 6, 5, 5, 5, 4, 1, 3, 3, 1]]
238	join	[[2, 9, 8, 8, 6, 5, 5, 5, 4, 1, 3, 3, 1]]
239	join	[[2, 9, 8, 8, 6, 5, 5, 5, 4, 1, 3, 3, 1]]
240	join	[[2, 9, 8, 8, 6, 5, 5, 5, 4, 1, 3, 3, 1]]
241	join	[[2, 9, 8, 8, 6, 5, 5, 5, 4, 1, 3, 3, 1]]
242	join	[[2, 9, 8, 8, 6, 5, 5, 5, 4, 1, 3, 3, 1]]
243	join	[[2, 9, 8, 8, 6, 5, 5, 5, 4, 1, 3, 3, 1]]
244	join	[[2, 9, 8, 8, 6, 5, 5, 5, 4, 1, 3, 3, 1]]
245	join	[[2, 9, 8, 8, 6, 5, 5, 5, 4, 1, 3, 3, 1]]
246	join	[[2, 9, 8, 8, 6, 5, 5, 5, 4, 1, 3, 3, 1]]
247	join	[[2, 9, 8, 8, 6, 5, 5, 5, 4, 1, 3, 3, 1]]
248	join	[[2, 9, 8, 8, 6, 5, 5, 5, 4, 1, 3, 3, 1]]
249	join	[[2, 9, 8, 8, 6, 5, 5, 5, 4, 1, 3, 3, 1]]
250	join	[[2, 9, 8, 8, 6, 5, 5, 5, 4, 1, 3, 3, 1]]
251	join	[[2, 9, 8, 8, 6, 5, 5, 5, 4, 1, 3, 3, 1]]
252	join	[[2, 9, 8, 8, 6, 5, 5, 5, 4, 1, 3, 3, 1]]
253	join	[[2, 9, 8, 8, 6, 5, 5, 5, 4, 1, 3, 3, 1]]
254	join	[[2, 9, 8, 8, 6, 5, 5, 5, 4, 1, 3, 3, 1]]
255	join	[[2, 9, 8, 8, 6, 5, 5, 5, 4, 1, 3, 3, 1]]
256	join	[[2, 9, 8, 8, 6, 5, 5, 5, 4, 1, 3, 3, 1]]
257	join	[[2, 9, 8, 8, 6, 5, 5, 5, 4, 1, 3, 3, 1]]
258	join	[[2, 9, 8, 8, 6, 5, 5, 5, 4, 1, 3, 3, 1]]
259	join	[[2, 9, 8, 8, 6, 5, 5, 5, 4, 1, 3, 3, 1]]
260	join	[[2, 9, 8, 8, 6, 5, 5, 5, 4, 1, 3, 3, 1]]
261	join	[[2, 9, 8, 8, 6, 5, 5, 5, 4, 1, 3, 3, 1]]
262	join	[[2, 9, 8, 8, 6, 5, 5, 5, 4, 1, 3, 3, 1]]
263	join	[[2, 9, 8, 8, 6, 5, 5, 5, 4, 1, 3, 3, 1]]
264	join	[[2, 9, 8, 8, 6, 5, 5, 5, 4, 1, 3, 3, 1]]
265	join	[[2, 9, 8, 8, 6, 5, 5, 5, 4, 1, 3, 3, 1]]
266	join	[[2, 9, 8, 8, 6, 5, 5, 5, 4, 1, 3, 3, 1]]
267	join	[[2, 9, 8, 8, 6, 5, 5, 5, 4, 1, 3, 3, 1]]
268	join	[[2, 9, 8, 8, 6, 5, 5, 5, 4, 1, 3, 3, 1]]
269	join	[[2, 9, 8, 8, 6, 5, 5, 5, 4, 1, 3, 3, 1]]
270	join	[[2, 9, 8, 8, 6, 5, 5, 5, 4, 1, 3, 3, 1]]
271	join	[[2, 9, 8, 8, 6, 5, 5, 5, 4, 1, 3, 3, 1]]
272	join	[[2, 9, 8, 8, 6, 5, 5, 5, 4, 1, 3, 3, 1]]
273	join	[[2, 9, 8, 8, 6, 5, 5, 5, 4, 1, 3, 3, 1]]
274	join	[[2, 9, 8, 8, 6, 5, 5, 5, 4, 1, 3, 3, 1]]
275	join	[[2, 9, 8, 8, 6, 5, 5, 5, 4, 1, 3, 3, 1]]
276	join	[[2, 9, 8, 8, 6, 5, 5, 5, 4, 1, 3, 3, 1]]
277	join	[[2, 9, 8, 8, 6, 5, 5, 5, 4, 1, 3, 3, 1]]
278	join	[[2, 9, 8, 8, 6, 5, 5, 5, 4, 1, 3, 3, 1]]
279	join	[[2, 9, 8, 8, 6, 5, 5, 5, 4, 1, 3, 3, 1]]
280	join	[[2, 9, 8, 8, 6, 5, 5, 5, 4, 1, 3, 3, 1]]
281	join	[[2, 9, 8, 8, 6, 5, 5, 5, 4, 1, 3, 3, 1]]
282	join	[[2, 9, 8, 8, 6, 5, 5, 5, 4, 1, 3, 3, 1]]
283	join	[[2, 9, 8, 8, 6, 5, 5, 5, 4, 1, 3, 3, 1]]
284	join	[[2, 9, 8, 8, 6, 5, 5, 5, 4, 1, 3, 3, 1]]
285	join	[[2, 9, 8, 8, 6, 5, 5, 5, 4, 1, 3, 3, 1]]
286	join	[[2, 9, 8, 8, 6, 5, 5, 5, 4, 1, 3, 3, 1]]
287	join	[[2, 9, 8, 8, 6, 5, 5, 5, 4, 1, 3, 3, 1]]
288	join	[[2, 9, 8, 8, 6, 5, 5, 5, 4, 1, 3, 3, 1]]
289	join	[[2, 9, 8, 8, 6, 5, 5, 5, 4, 1, 3, 3, 1]]
290	join	[[2, 9, 8, 8, 6, 5, 5, 5, 4, 1, 3, 3, 1]]
291	join	[[2, 9, 8, 8, 6, 5, 5, 5, 4, 1, 3, 3, 1]]
292	join	[[2, 9, 8, 8, 6, 5, 5, 5, 4, 1, 3, 3, 1]]
293	join	[[2, 9, 8, 8, 6, 5, 5, 5, 4, 1, 3, 3, 1]]
294	join	[[2, 9, 8, 8, 6, 5, 5, 5, 4, 1, 3, 3, 1]]
295	join	[[2, 9, 8, 8, 6, 5, 5, 5, 4, 1, 3, 3, 1]]
296	join	[[2, 9, 8, 8, 6, 5, 5, 5, 4, 1, 3, 3, 1]]
297	join	[[2, 9, 8, 8, 6, 5, 5, 5, 4, 1, 3, 3, 1]]
298	join	[[2, 9, 8, 8, 6, 5, 5, 5, 4, 1, 3, 3, 1]]
299	join	[[2, 9, 8, 8, 6, 5, 5, 5, 4, 1, 3, 3, 1]]
300	join	[[2, 9, 8, 8, 6, 5, 5, 5, 4, 1, 3, 3, 1]]
301	join	[[2, 9, 8, 8, 6, 5, 5, 5, 4, 1, 3, 3, 1]]
302	join	[[2, 9, 8, 8, 6, 5, 5, 5, 4, 1, 3, 3, 1]]
303	join	[[2, 9, 8, 8, 6, 5, 5, 5, 4, 1, 3, 3, 1]]
304	join	[[2, 9, 8, 8, 6, 5, 5, 5, 4, 1, 3, 3, 1]]
305	join	[[2, 9, 8, 8, 6, 5, 5, 5, 4, 1, 3, 3, 1]]
306	join	[[2, 9, 8, 8, 6, 5, 5, 5, 4, 1, 3, 3, 1]]
307	join	[[2, 9, 8, 8, 6, 5, 5, 5, 4, 1, 3, 3, 1]]
308	join	[[2, 9, 8, 8, 6, 5, 5, 5, 4, 1, 3, 3, 1]]
309	join	[[2, 9, 8, 8, 6, 5, 5, 5, 4, 1, 3, 3, 1]]
310	join	[[2, 9, 8, 8, 6, 5, 5, 5, 4, 1, 3, 3, 1]]
311	join	[[2, 9, 8, 8, 6, 5, 5, 5, 4, 1, 3, 3, 1]]
312	join	[[2, 9, 8, 8, 6, 5, 5, 5, 4, 1, 3, 3, 1]]
313	join	[[2, 9, 8, 8, 6, 5, 5, 5, 4, 1, 3, 3, 1]]
314	join	[[2, 9, 8, 8, 6, 5, 5, 5, 4, 1, 3, 3, 1]]
315	join	[[2, 9, 8, 8, 6, 5, 5, 5, 4, 1, 3, 3, 1]]
316	join	[[2, 9, 8, 8, 6, 5, 5, 5, 4, 1, 3, 3, 1]]
317	join	[[2, 9, 8, 8, 6, 5, 5, 5, 4, 1, 3, 3, 1]]
318	join	[[2, 9, 8, 8, 6, 5, 5, 5, 4, 1, 3, 3, 1]]
319	join	[[2, 9, 8, 8, 6, 5, 5, 5, 4, 1, 3, 3, 1]]
320	join	[[2, 9, 8, 8, 6, 5, 5, 5, 4, 1, 3, 3, 1]]
321	join	[[2, 9, 8, 8, 6, 5, 5, 5, 4, 1, 3, 3, 1]]
322	join	[[2, 9, 8, 8, 6, 5, 5, 5, 4, 1, 3, 3, 1]]
323	join	[[2, 9, 8, 8, 6, 5, 5, 5, 4, 1, 3, 3, 1]]
324	join	[[2, 9, 8, 8, 6, 5, 5, 5, 4, 1, 3, 3, 1]]
325	join	[[2, 9, 8, 8, 6, 5, 5, 5, 4, 1, 3, 3, 1]]
326	join	[[2, 9, 8, 8, 6, 5, 5, 5, 4, 1, 3, 3, 1]]
327	join	[[2, 9, 8, 8, 6, 5, 5, 5, 4, 1, 3, 3, 1]]
328	join	[[2, 9, 8, 8, 6, 5, 5, 5, 4, 1, 3, 3, 1]]
329	join	[[2, 9, 8, 8, 6, 5, 5, 5, 4, 1, 3, 3, 1]]
330	join	[[2, 9, 8, 8, 6, 5, 5, 5, 4, 1, 3, 3, 1]]
331	join	[[2, 9, 8, 8, 6, 5, 5, 5, 4, 1, 3, 3, 1]]
332	join	[[2, 9, 8, 8, 6, 5, 5, 5, 4, 1, 3, 3, 1]]
333	join	[[2, 9, 8, 8, 6, 5, 5, 5, 4, 1, 3, 3, 1]]
334	join	[[2, 9, 8, 8, 6, 5, 5, 5, 4, 1, 3, 3, 1]]
335	join	[[2, 9, 8, 8, 6, 5, 5, 5, 4, 1, 3, 3, 1]]
336	join	[[2, 9, 8, 8, 6, 5, 5, 5, 4, 1, 3, 3, 1]]
337	join	[[2, 9, 8, 8, 6, 5, 5, 5, 4, 1, 3, 3, 1]]
338	join	[[2, 9, 8, 8, 6, 5, 5, 5, 4, 1, 3, 3, 1]]
339	join	[[2, 9, 8, 8, 6, 5, 5, 5, 4, 1, 3, 3, 1]]
340	join	[[2, 9, 8, 8, 6, 5, 5, 5, 4, 1, 3, 3, 1]]
341	join	[[2, 9, 8, 8, 6, 5, 5, 5, 4, 1, 3, 3, 1]]
342	join	[[2, 9, 8, 8, 6, 5, 5, 5, 4, 1, 3, 3, 1]]
343	join	[[2, 9, 8, 8, 6, 5, 5, 5, 4, 1, 3, 3, 1]]
344	join	[[2, 9, 8, 8, 6, 5, 5, 5, 4, 1, 3, 3, 1]]
345	join	[[2, 9, 8, 8, 6, 5, 5, 5, 4, 1, 3, 3, 1]]
346	join	[[2, 9, 8, 8, 6, 5, 5, 5, 4, 1, 3, 3, 1]]
347	join	[[2, 9, 8, 8, 6, 5, 5, 5, 4, 1, 3, 3, 1]]
348	join	[[2, 9, 8, 8, 6, 5, 5, 5, 4, 1, 3, 3, 1]]
349	join	[[2, 9, 8, 8, 6, 5, 5, 5, 4, 1, 3, 3, 1]]
350	join	[[2, 9, 8, 8, 6, 5, 5, 5, 4, 1, 3, 3, 1]]
351	join	[[2, 9, 8, 8, 6, 5, 5, 5, 4, 1, 3, 3, 1]]
352	join	[[2, 9, 8, 8, 6, 5, 5, 5, 4, 1, 3, 3, 1]]
353	join	[[2, 9, 8, 8, 6, 5, 5, 5, 4, 1, 3, 3, 1]]
354	join	[[2, 9, 8, 8, 6, 5, 5, 5, 4, 1, 3, 3, 1]]
355	join	[[2, 9, 8, 8, 6, 5, 5, 5, 4, 1, 3, 3, 1]]
356	join	[[2, 9, 8, 8, 6, 5, 5, 5, 4, 1, 3, 3, 1]]
357	join	[[2, 9, 8, 8, 6, 5, 5, 5, 4, 1, 3, 3, 1]]
358	join	[[2, 9, 8, 8, 6, 5, 5, 5, 4, 1, 3, 3, 1]]
359	join	[[2, 9, 8, 8, 6, 5, 5, 5, 4, 1, 3, 3, 1]]
360	join	[[2, 9, 8, 8, 6, 5, 5, 5, 4, 1, 3, 3, 1]]
361	join	[[2, 9, 8, 8, 6, 5, 5, 5, 4, 1, 3, 3, 1]]
362	join	[[2, 9, 8, 8, 6, 5, 5, 5, 4, 1, 3, 3, 1]]
363	join	[[2, 9, 8, 8, 6, 5, 5, 5, 4, 1, 3, 3, 1]]
364	join	[[2, 9, 8, 8, 6, 5, 5, 5, 4, 1, 3, 3, 1]]
365	join	[[2, 9, 8, 8, 6, 5, 5, 5, 4, 1, 3, 3, 1]]
366	join	[[2, 9, 8, 8, 6, 5, 5, 5, 4, 1, 3, 3, 1]]
367	join	[[2, 9, 8, 8, 6, 5, 5, 5, 4, 1, 3, 3, 1]]
368	join	[[2, 9, 8, 8, 6, 5, 5, 5, 4, 1, 3, 3, 1]]
369	join	[[2, 9, 8, 8, 6, 5, 5, 5, 4, 1, 3, 3, 1]]
370	join	[[2, 9, 8, 8, 6, 5, 5, 5, 4, 1, 3, 3, 1]]
371	join	[[2, 9, 8, 8, 6, 5, 5, 5, 4, 1, 3, 3, 1]]
372	join	[[2, 9, 8, 8, 6, 5, 5, 5, 4, 1, 3, 3, 1]]
373	join	[[2, 9, 8, 8, 6, 5, 5, 5, 4, 1, 3, 3, 1]]
374	join	[[2, 9, 8, 8, 6, 5, 5, 5, 4, 1, 3, 3, 1]]
375	join	[[2, 9, 8, 8, 6, 5, 5, 5, 4, 1, 3, 3, 1]]
376	join	[[2, 9, 8, 8, 6, 5, 5, 5, 4, 1, 3, 3, 1]]
377	join	[[2, 9, 8, 8, 6, 5, 5, 5, 4, 1, 3, 3, 1]]
378	join	[[2, 9, 8, 8, 6, 5, 5, 5, 4, 1, 3, 3, 1]]
379	join	[[2, 9, 8, 8, 6, 5, 5, 5, 4, 1, 3, 3, 1]]
380	join	[[2, 9, 8, 8, 6, 5, 5, 5, 4, 1, 3, 3, 1]]
381	join	[[2, 9, 8, 8, 6, 5, 5, 5, 4, 1, 3, 3, 1]]
382	join	[[2, 9, 8, 8, 6, 5, 5, 5, 4, 1, 3, 3, 1]]
383	join	[[2, 9, 8, 8, 6, 5, 5, 5, 4, 1, 3, 3, 1]]
384	join	[[2, 9, 8, 8, 6, 5, 5, 5, 4, 1, 3, 3, 1]]
385	join	[[2, 9, 8, 8, 6, 5, 5, 5, 4, 1, 3, 3, 1]]
386	join	[[2, 9, 8, 8, 6, 5, 5, 5, 4, 1, 3, 3, 1]]
387	join	[[2, 9, 8, 8, 6, 5, 5, 5, 4, 1, 3, 3, 1]]
388	join	[[2, 9, 8, 8, 6, 5, 5, 5, 4, 1, 3, 3, 1]]
389	join	[[2, 9, 8, 8, 6, 5, 5, 5, 4, 1, 3, 3, 1]]
390	join	[[2, 9, 8, 8, 6, 5, 5, 5, 4, 1, 3, 3, 1]]
391	join	[[2, 9, 8, 8, 6, 5, 5, 5, 4, 1, 3, 3, 1]]
392	join	[[2, 9, 8, 8, 6, 5, 5, 5, 4, 1, 3, 3, 1]]
393	join	[[2, 9, 8, 8, 6, 5, 5, 5, 4, 1, 3, 3, 1]]
394	join	[[2, 9, 8, 8, 6, 5, 5, 5, 4, 1, 3, 3, 1]]
395	join	[[2, 9, 8, 8, 6, 5, 5, 5, 4, 1, 3, 3, 1]]
396	join	[[2, 9, 8, 8, 6, 5, 5, 5, 4, 1, 3, 3, 1]]
397	join	[[2, 9, 8, 8, 6, 5, 5, 5, 4, 1, 3, 3, 1]]
398	join	[[2, 9, 8, 8, 6, 5, 5, 5, 4, 1, 3, 3, 1]]
399	join	[[2, 9, 8, 8, 6, 5, 5, 5, 4, 1, 3, 3, 1]]
400	join	[[2, 9, 8, 8, 6, 5, 5, 5, 4, 1, 3, 3, 1]]
401	join	[[2, 9, 8, 8, 6, 5, 5, 5, 4, 1, 3, 3, 1]]
402	join	[[2, 9, 8, 8, 6, 5, 5, 5, 4, 1, 3, 3, 1]]
403	join	[[2, 9, 8, 8, 6, 5, 5, 5, 4, 1, 3, 3, 1]]
404	join	[[2, 9, 8, 8, 6, 5, 5, 5, 4, 1, 3, 3, 1]]
405	join	[[2, 9, 8, 8, 6, 5, 5, 5, 4, 1, 3, 3, 1]]
406	join	[[2, 9, 8, 8, 6, 5, 5, 5, 4, 1, 3, 3, 1]]
407	join	[[2, 9, 8, 8, 6, 5, 5, 5, 4, 1, 3, 3, 1]]
408	join	[[2, 9, 8, 8, 6, 5, 5, 5, 4, 1, 3, 3, 1]]
409	join	[[2, 9, 8, 8, 6, 5, 5, 5, 4, 1, 3, 3, 1]]
410	join	[[2, 9, 8, 8, 6, 5, 5, 5, 4, 1, 3, 3, 1]]
411	join	[[2, 9, 8, 8, 6, 5, 5, 5, 4, 1, 3, 3, 1]]
412	join	[[2, 9, 8, 8, 6, 5, 5, 5, 4, 1, 3, 3, 1]]
413	join	[[2, 9, 8, 8, 6, 5, 5, 5, 4, 1, 3, 3, 1]]
414	join	[[2, 9, 8, 8, 6, 5, 5, 5, 4, 1, 3, 3, 1]]
415	join	[[2, 9, 8, 8, 6, 5, 5, 5, 4, 1, 3, 3, 1]]
416	join	[[2, 9, 8, 8, 6, 5, 5, 5, 4, 1, 3, 3, 1]]
417	join	[[2, 9, 8, 8, 6, 5, 5, 5, 4, 1, 3, 3, 1]]
418	join	[[2, 9, 8, 8, 6, 5, 5, 5, 4, 1, 3, 3, 1]]
419	join	[[2, 9, 8, 8, 6, 5, 5, 5, 4, 1, 3, 3, 1]]
420	join	[[2, 9, 8, 8, 6, 5, 5, 5, 4, 1, 3, 3, 1]]
421	join	[[2, 9, 8, 8, 6, 5, 5, 5, 4, 1, 3, 3, 1]]
422	join	[[2, 9, 8, 8, 6, 5, 5, 5, 4, 1, 3, 3, 1]]
423	join	[[2, 9, 8, 8, 6, 5, 5, 5, 4, 1, 3, 3, 1]]
424	join	[[2, 9, 8, 8, 6, 5, 5, 5, 4, 1, 3, 3, 1]]
425	join	[[2, 9, 8, 8, 6, 5, 5, 5, 4, 1, 3, 3, 1]]
426	join	[[2, 9, 8, 8, 6, 5, 5, 5, 4, 1, 3, 3, 1]]
427	join	[[2, 9, 8, 8, 6, 5, 5, 5, 4, 1, 3, 3, 1]]
428	join	[[2, 9, 8, 8, 6, 5, 5, 5, 4, 1, 3, 3, 1]]
429	join	[[2, 9, 8, 8, 6, 5, 5, 5, 4, 1, 3, 3, 1]]
430	join	[[2, 9, 8, 8, 6, 5, 5, 5, 4, 1, 3, 3, 1]]
431	join	[[2, 9, 8, 8, 6, 5, 5, 5, 4, 1, 3, 3, 1]]
432	join	[[2, 9, 8, 8, 6, 5, 5, 5, 4, 1, 3, 3, 1]]
433	join	[[2, 9, 8, 8, 6, 5, 5, 5, 4, 1, 3, 3, 1]]
434	join	[[2, 9, 8, 8, 6, 5, 5, 5, 4, 1, 3, 3, 1]]
435	join	[[2, 9, 8, 8, 6, 5, 5, 5, 4, 1, 3, 3, 1]]
436	join	[[2, 9, 8, 8, 6, 5, 5, 5, 4, 1, 3, 3, 1]]
437	join	[[2, 9, 8, 8, 6, 5, 5, 5, 4, 1, 3, 3, 1]]
438	join	[[2, 9, 8, 8, 6, 5, 5, 5, 4, 1, 3, 3, 1]]
439	join	[[2, 9, 8, 8, 6, 5, 5, 5, 4, 1, 3, 3, 1]]
440	join	[[2, 9, 8, 8, 6, 5, 5, 5, 4, 1, 3, 3, 1]]
441	join	[[2, 9, 8, 8, 6, 5, 5, 5, 4, 1, 3, 3, 1]]
442	join	[[2, 9, 8, 8, 6, 5, 5, 5, 4, 1, 3, 3, 1]]
443	join	[[2, 9, 8, 8, 6, 5, 5, 5, 4, 1, 3, 3, 1]]
444	join	[[2, 9, 8, 8, 6, 5, 5, 5, 4, 1, 3, 3, 1]]
445	join	[[2, 9, 8, 8, 6, 5, 5, 5, 4, 1, 3, 3, 1]]
446	join	[[2, 9, 8, 8, 6, 5, 5, 5, 4, 1, 3, 3, 1]]
447	join	[[2, 9, 8, 8, 6, 5, 5, 5, 4, 1, 3, 3, 1]]
448	join	[[2, 9, 8, 8, 6, 5, 5, 5, 4, 1, 3, 3, 1]]
449	join	[[2, 9, 8, 8, 6, 5, 5, 5, 4, 1, 3, 3, 1]]
450	join	[[2, 9, 8, 8, 6, 5, 5, 5, 4, 1, 3, 3, 1]]
451	join	[[2, 9, 8, 8, 6, 5, 5, 5, 4, 1, 3, 3, 1]]
452	join	[[2, 9, 8, 8, 6, 5, 5, 5, 4, 1, 3, 3, 1]]
453	join	[[2, 9, 8, 8, 6, 5, 5, 5, 4, 1, 3, 3, 1]]
454	join	[[2, 9, 8, 8, 6, 5, 5, 5, 4, 1, 3, 3, 1]]
455	join	[[2, 9, 8, 8, 6, 5, 5, 5, 4, 1, 3, 3, 1]]
456	join	[[2, 9, 8, 8, 6, 5, 5, 5, 4, 1, 3, 3, 1]]
457	join	[[2, 9, 8, 8, 6, 5, 5, 5, 4, 1, 3, 3, 1]]
458	join	[[2, 9, 8, 8, 6, 5, 5, 5, 4, 1, 3, 3, 1]]
459	join	[[2, 9, 8, 8, 6, 5, 5, 5, 4, 1, 3, 3, 1]]
460	join	[[2, 9, 8, 8, 6, 5, 5, 5, 4, 1, 3, 3, 1]]
461	join	[[2, 9, 8, 8, 6, 5, 5, 5, 4, 1, 3, 3, 1]]
462	join	[[2, 9, 8, 8, 6, 5, 5, 5, 4, 1, 3, 3, 1]]
463	join	[[2, 9, 8, 8, 6, 5, 5, 5, 4, 1, 3, 3, 1]]
464	join	[[2, 9, 8, 8, 6, 5, 5, 5, 4, 1, 3, 3, 1]]
465	join	[[2, 9, 8, 8, 6, 5, 5, 5, 4, 1, 3, 3, 1]]
466	join	[[2, 9, 8, 8, 6, 5, 5, 5, 4, 1, 3, 3, 1]]
467	join	[[2, 9, 8, 8, 6, 5, 5, 5, 4, 1, 3, 3, 1]]
468	join	[[2, 9, 8, 8, 6, 5, 5, 5, 4, 1, 3, 3, 1]]
469	join	[[2, 9, 8, 8, 6, 5, 5, 5, 4, 1, 3, 3, 1]]
470	join	[[2, 9, 8, 8, 6, 5, 5, 5, 4, 1, 3, 3, 1]]
471	join	[[2, 9, 8, 8, 6, 5, 5, 5, 4, 1, 3, 3, 1]]
472	join	[[2, 9, 8, 8, 6, 5, 5, 5, 4, 1, 3, 3, 1]]
473	join	[[2, 9, 8, 8, 6, 5, 5, 5, 4, 1, 3, 3, 1]]
474	join	[[2, 9, 8, 8, 6, 5, 5, 5, 4, 1, 3, 3, 1]]
475	join	[[2, 9, 8, 8, 6, 5, 5, 5, 4, 1, 3, 3, 1]]
476	join	[[2, 9, 8, 8, 6, 5, 5, 5, 4, 1, 3, 3, 1]]
477	join	[[2, 9, 8, 8, 6, 5, 5, 5, 4, 1, 3, 3, 1]]
478	join	[[2, 9, 8, 8, 6, 5, 5, 5, 4, 1, 3, 3, 1]]
479	join	[[2, 9, 8, 8, 6, 5, 5, 5, 4, 1, 3, 3, 1]]
480	join	[[2, 9, 8, 8, 6, 5, 5, 5, 4, 1, 3, 3, 1]]
481	join	[[2, 9, 8, 8, 6, 5, 5, 5, 4, 1, 3, 3, 1]]
482	join	[[2, 9, 8, 8, 6, 5, 5, 5, 4, 1, 3, 3, 1]]
483	join	[[2, 9, 8, 8, 6, 5, 5, 5, 4, 1, 3, 3, 1]]
484	join	[[2, 9, 8, 8, 6, 5, 5, 5, 4, 1, 3, 3, 1]]
485	join	[[2, 9, 8, 8, 6, 5, 5, 5, 4, 1, 3, 3, 1]]
486	join	[[2, 9, 8, 8, 6, 5, 5, 5, 4, 1, 3, 3, 1]]
487	join	[[2, 9, 8, 8, 6, 5, 5, 5, 4, 1, 3, 3, 1]]
488	join	[[2, 9, 8, 8, 6, 5, 5, 5, 4, 1, 3, 3, 1]]
489	join	[[2, 9, 8, 8, 6, 5, 5, 5, 4, 1, 3, 3, 1]]
490	join	[[2, 9, 8, 8, 6, 5, 5, 5, 4, 1, 3, 3, 1]]
491	join	[[2, 9, 8, 8, 6, 5, 5, 5, 4, 1, 3, 3, 1]]
492	join	[[2, 9, 8, 8, 6, 5, 5, 5, 4, 1, 3, 3, 1]]
493	join	[[2, 9, 8, 8, 6, 5, 5, 5, 4, 1, 3, 3, 1]]
494	join	[[2, 9, 8, 8, 6, 5, 5, 5, 4, 1, 3, 3, 1]]
495	join	[[2, 9, 8, 8, 6, 5, 5, 5, 4, 1, 3, 3, 1]]
496	join	[[2, 9, 8, 8, 6, 5, 5, 5, 4, 1, 3, 3, 1]]
497	join	[[2, 9, 8, 8, 6, 5, 5, 5, 4, 1, 3, 3, 1]]
498	join	[[2, 9, 8, 8, 6, 5, 5, 5, 4, 1, 3, 3, 1]]
499	join	[[2, 9, 8, 8, 6, 5, 5, 5, 4, 1, 3, 3, 1]]
500	join	[[2, 9, 8, 8, 6, 5, 5, 5, 4, 1, 3, 3, 1]]
501	join	[[2, 9, 8, 8, 6, 5, 5, 5, 4, 1, 3, 3, 1]]
502	join	[[2, 9, 8, 8, 6, 5, 5, 5, 4, 1, 3, 3, 1]]
503	join	[[2, 9, 8, 8, 6, 5, 5, 5, 4, 1, 3, 3, 1]]
504	join	[[2, 9, 8, 8, 6, 5, 5, 5, 4, 1, 3, 3, 1]]
505	join	[[2, 9, 8, 8, 6, 5, 5, 5, 4, 1, 3, 3, 1]]
506	join	[[2, 9, 8, 8, 6, 5, 5, 5, 4, 1, 3, 3, 1]]
507	join	[[2, 9, 8, 8, 6, 5, 5, 5, 4, 1, 3, 3, 1]]
508	join	[[2, 9, 8, 8, 6, 5, 5, 5, 4, 1, 3, 3, 1]]
509	join	[[2, 9, 8, 8, 6, 5, 5, 5, 4, 1, 3, 3, 1]]
510	join	[[2, 9, 8, 8, 6, 5, 5, 5, 4, 1, 3, 3, 1]]
511	join	[[2, 9, 8, 8, 6, 5, 5, 5, 4, 1, 3, 3, 1]]
512	join	[[2, 9, 8, 8, 6, 5, 5, 5, 4, 1, 3, 3, 1]]
513	join	[[2, 9, 8, 8, 6, 5, 5, 5, 4, 1, 3, 3, 1]]
514	join	[[2, 9, 8, 8, 6, 5, 5, 5, 4, 1, 3, 3, 1]]
515	join	[[2, 9, 8, 8, 6, 5, 5, 5, 4, 1, 3, 3, 1]]
516	join	[[2, 9, 8, 8, 6, 5, 5, 5, 4, 1, 3, 3, 1]]
517	join	[[2, 9, 8, 8, 6, 5, 5, 5, 4, 1, 3, 3, 1]]
518	join	[[2, 9, 8, 8, 6, 5, 5, 5, 4, 1, 3, 3, 1]]
519	join	[[2, 9, 8, 8, 6, 5, 5, 5, 4, 1, 3, 3, 1]]
520	join	[[2, 9, 8, 8, 6, 5, 5, 5, 4, 1, 3, 3, 1]]
521	join	[[2, 9, 8, 8, 6, 5, 5, 5, 4, 1, 3, 3, 1]]
522	join	[[2, 9, 8, 8, 6, 5, 5, 5, 4, 1, 3, 3, 1]]
523	join	[[2, 9, 8, 8, 6, 5, 5, 5, 4, 1, 3, 3, 1]]
524	join	[[2, 9, 8, 8, 6, 5, 5, 5, 4, 1, 3, 3, 1]]
525	join	[[2, 9, 8, 8, 6, 5, 5, 5, 4, 1, 3, 3, 1]]
526	join	[[2, 9, 8, 8, 6, 5, 5, 5, 4, 1, 3, 3, 1]]
527	join	[[2, 9, 8, 8, 6, 5, 5, 5, 4, 1, 3, 3, 1]]
528	join	[[2, 9, 8, 8, 6, 5, 5, 5, 4, 1, 3, 3, 1]]
529	join	[[2, 9, 8, 8, 6, 5, 5, 5, 4, 1, 3, 3, 1]]
530	join	[[2, 9, 8, 8, 6, 5, 5, 5, 4, 1, 3, 3, 1]]
531	join	[[2, 9, 8, 8, 6, 5, 5, 5, 4, 1, 3, 3, 1]]
532	join	[[2, 9, 8, 8, 6, 5, 5, 5, 4, 1, 3, 3, 1]]
533	join	[[2, 9, 8, 8, 6, 5, 5, 5, 4, 1, 3, 3, 1]]
534	join	[[2, 9, 8, 8, 6, 5, 5, 5, 4, 1, 3, 3, 1]]
535	join	[[2, 9, 8, 8, 6, 5, 5, 5, 4, 1, 3, 3, 1]]
536	join	[[2, 9, 8, 8, 6, 5, 5, 5, 4, 1, 3, 3, 1]]
537	join	[[2, 9, 8, 8, 6, 5, 5, 5, 4, 1, 3, 3, 1]]
538	join	[[2, 9, 8, 8, 6, 5, 5, 5, 4, 1, 3, 3, 1]]
539	join	[[2, 9, 8, 8, 6, 5, 5, 5, 4, 1, 3, 3, 1]]
540	join	[[2, 9, 8, 8, 6, 5, 5, 5, 4, 1, 3, 3, 1]]
541	join	[[2, 9, 8, 8, 6, 5, 5, 5, 4, 1, 3, 3, 1]]
542	join	[[2, 9, 8, 8, 6, 5, 5, 5, 4, 1, 3, 3, 1]]
543	join	[[2, 9, 8, 8, 6, 5, 5, 5, 4, 1, 3, 3, 1]]
544	join	[[2, 9, 8, 8, 6, 5, 5, 5, 4, 1, 3, 3, 1]]
545	join	[[2, 9, 8, 8, 6, 5, 5, 5, 4, 1, 3, 3, 1]]
546	join	[[2, 9, 8, 8, 6, 5, 5, 5, 4, 1, 3, 3, 1]]
547	join	[[2, 9, 8, 8, 6, 5, 5, 5, 4, 1, 3, 3, 1]]
548	join	[[2, 9, 8, 8, 6, 5, 5, 5, 4, 1, 3, 3, 1]]
549	join	[[2, 9, 8, 8, 6, 5, 5, 5, 4, 1, 3, 3, 1]]
550	join	[[2, 9, 8, 8, 6, 5, 5, 5, 4, 1, 3, 3, 1]]
551	join	[[2, 9, 8, 8, 6, 5, 5, 5, 4, 1, 3, 3, 1]]
552	join	[[2, 9, 8, 8, 6, 5, 5, 5, 4, 1, 3, 3, 1]]
553	join	[[2, 9, 8, 8, 6, 5, 5, 5, 4, 1, 3, 3, 1]]
554	join	[[2, 9, 8, 8, 6, 5, 5, 5, 4, 1, 3, 3, 1]]
555	join	[[2, 9, 8, 8, 6, 5, 5, 5, 4, 1, 3, 3, 1]]
556	join	[[2, 9, 8, 8, 6, 5, 5, 5, 4, 1, 3, 3, 1]]
557	join	[[2, 9, 8, 8, 6, 5, 5, 5, 4, 1, 3, 3, 1]]
558	join	[[2, 9, 8, 8, 6, 5, 5, 5, 4, 1, 3, 3, 1]]
559	join	[[2, 9, 8, 8, 6, 5, 5, 5, 4, 1, 3, 3, 1]]
560	join	[[2, 9, 8, 8, 6, 5, 5, 5, 4, 1, 3, 3, 1]]
561	join	[[2, 9, 8, 8, 6, 5, 5, 5, 4, 1, 3, 3, 1]]
562	join	[[2, 9, 8, 8, 6, 5, 5, 5, 4, 1, 3, 3, 1]]
563	join	[[2, 9, 8, 8, 6, 5, 5, 5, 4, 1, 3, 3, 1]]
564	join	[[2, 9, 8, 8, 6, 5, 5, 5, 4, 1, 3, 3, 1]]
565	join	[[2, 9, 8, 8, 6, 5, 5, 5, 4, 1, 3, 3, 1]]
566	join	[[2, 9, 8, 8, 6, 5, 5, 5, 4, 1, 3, 3, 1]]
567	join	[[2, 9, 8, 8, 6, 5, 5, 5, 4, 1, 3, 3, 1]]
568	join	[[2, 9, 8, 8, 6, 5, 5, 5, 4, 1, 3, 3, 1]]
569	join	[[2, 9, 8, 8, 6, 5, 5, 5, 4, 1, 3, 3, 1]]
570	join	[[2, 9, 8, 8, 6, 5, 5, 5, 4, 1, 3, 3, 1]]
571	join	[[2, 9, 8, 8, 6, 5, 5, 5, 4, 1, 3, 3, 1]]
572	join	[[2, 9, 8, 8, 6, 5, 5, 5, 4, 1, 3, 3, 1]]
573	join	[[2, 9, 8, 8, 6, 5, 5, 5, 4, 1, 3, 3, 1]]
574	join	[[2, 9, 8, 8, 6, 5, 5, 5, 4, 1, 3, 3, 1]]
575	join	[[2, 9, 8, 8, 6, 5, 5, 5, 4, 1, 3, 3, 1]]
576	join	[[2, 9, 8, 8, 6, 5, 5, 5, 4, 1, 3, 3, 1]]
577	join	[[2, 9, 8, 8, 6, 5, 5, 5, 4, 1, 3, 3, 1]]
578	join	[[2, 9, 8, 8, 6, 5, 5, 5, 4, 1, 3, 3, 1]]
579	join	[[2, 9, 8, 8, 6, 5, 5, 5, 4, 1, 3, 3, 1]]
580	join	[[2, 9, 8, 8, 6, 5, 5, 5, 4, 1, 3, 3, 1]]
581	join	[[2, 9, 8, 8, 6, 5, 5, 5, 4, 1, 3, 3, 1]]
582	join	[[2, 9, 8, 8, 6, 5, 5, 5, 4, 1, 3, 3, 1]]
583	join	[[2, 9, 8, 8, 6, 5, 5, 5, 4, 1, 3, 3, 1]]
584	join	[[2, 9, 8, 8, 6, 5, 5, 5, 4, 1, 3, 3, 1]]
585	join	[[2, 9, 8, 8, 6, 5, 5, 5, 4, 1, 3, 3, 1]]
586	join	[[2, 9, 8, 8, 6, 5, 5, 5, 4, 1, 3, 3, 1]]
587	join	[[2, 9, 8, 8, 6, 5, 5, 5, 4, 1, 3, 3, 1]]
588	join	[[2, 9, 8, 8, 6, 5, 5, 5, 4, 1, 3, 3, 1]]
589	join	[[2, 9, 8, 8, 6, 5, 5, 5, 4, 1, 3, 3, 1]]
590	join	[[2, 9, 8, 8, 6, 5, 5, 5, 4, 1, 3, 3, 1]]
591	join	[[2, 9, 8, 8, 6, 5, 5, 5, 4, 1, 3, 3, 1]]
592	join	[[2, 9, 8, 8, 6, 5, 5, 5, 4, 1, 3, 3, 1]]
593	join	[[2, 9, 8, 8, 6, 5, 5, 5, 4, 1, 3, 3, 1]]
594	join	[[2, 9, 8, 8, 6, 5, 5, 5, 4, 1, 3, 3, 1]]
595	join	[[2, 9, 8, 8, 6, 5, 5, 5, 4, 1, 3, 3, 1]]
596	join	[[2, 9, 8, 8, 6, 5, 5, 5, 4, 1, 3, 3, 1]]
597	join	[[2, 9, 8, 8, 6, 5, 5, 5, 4, 1, 3, 3, 1]]
598	join	[[2, 9, 8, 8, 6, 5, 5, 5, 4, 1, 3, 3, 1]]
599	join	[[2, 9, 8, 8, 6, 5, 5, 5, 4, 1, 3, 3, 1]]
600	join	[[2, 9, 8, 8, 6, 5, 5, 5, 4, 1, 3, 3, 1]]
601	join	[[2, 9, 8, 8, 6, 5, 5, 5, 4, 1, 3, 3, 1]]
602	join	[[2, 9, 8, 8, 6, 5, 5, 5, 4, 1, 3, 3, 1]]
603	join	[[2, 9, 8, 8, 6, 5, 5, 5, 4, 1, 3, 3, 1]]
604	join	[[2, 9, 8, 8, 6, 5, 5, 5, 4, 1, 3, 3, 1]]
605	join	[[2, 9, 8, 8, 6, 5, 5, 5, 4, 1, 3, 3, 1]]
606	join	[[2, 9, 8, 8, 6, 5, 5, 5, 4, 1, 3, 3, 1]]
607	join	[[2, 9, 8, 8, 6, 5, 5, 5, 4, 1, 3, 3, 1]]
608	join	[[2, 9, 8, 8, 6, 5, 5, 5, 4, 1, 3, 3, 1]]
609	join	[[2, 9, 8, 8, 6, 5, 5, 5, 4, 1, 3, 3, 1]]
610	join	[[2, 9, 8, 8, 6, 5, 5, 5, 4, 1, 3, 3, 1]]
611	join	[[2, 9, 8, 8, 6, 5, 5, 5, 4, 1, 3, 3, 1]]
612	join	[[2, 9, 8, 8, 6, 5, 5, 5, 4, 1, 3, 3, 1]]
613	join	[[2, 9, 8, 8, 6, 5, 5, 5, 4, 1, 3, 3, 1]]
614	join	[[2, 9, 8, 8, 6, 5, 5, 5, 4, 1, 3, 3, 1]]
615	join	[[2, 9, 8, 8, 6, 5, 5, 5, 4, 1, 3, 3, 1]]
616	join	[[2, 9, 8, 8, 6, 5, 5, 5, 4, 1, 3, 3, 1]]
617	join	[[2, 9, 8, 8, 6, 5, 5, 5, 4, 1, 3, 3, 1]]
618	join	[[2, 9, 8, 8, 6, 5, 5, 5, 4, 1, 3, 3, 1]]
619	join	[[2, 9, 8, 8, 6, 5, 5, 5, 4, 1, 3, 3, 1]]
620	join	[[2, 9, 8, 8, 6, 5, 5, 5, 4, 1, 3, 3, 1]]
621	join	[[2, 9, 8, 8, 6, 5, 5, 5, 4, 1, 3, 3, 1]]
622	join	[[2, 9, 8, 8, 6, 5, 5, 5, 4, 1, 3, 3, 1]]
623	join	[[2, 9, 8, 8, 6, 5, 5, 5, 4, 1, 3, 3, 1]]
624	join	[[2, 9, 8, 8, 6, 5, 5, 5, 4, 1, 3, 3, 1]]
625	join	[[2, 9, 8, 8, 6, 5, 5, 5, 4, 1, 3, 3, 1]]
626	join	[[2, 9, 8, 8, 6, 5, 5, 5, 4, 1, 3, 3, 1]]
627	join	[[2, 9, 8, 8, 6, 5, 5, 5, 4, 1, 3, 3, 1]]
628	join	[[2, 9, 8, 8, 6, 5, 5, 5, 4, 1, 3, 3, 1]]
629	join	[[2, 9, 8, 8, 6, 5, 5, 5, 4, 1, 3, 3, 1]]
630	join	[[2, 9, 8, 8, 6, 5, 5, 5, 4, 1, 3, 3, 1]]
631	join	[[2, 9, 8, 8, 6, 5, 5, 5, 4, 1, 3, 3, 1]]
632	join	[[2, 9, 8, 8, 6, 5, 5, 5, 4, 1, 3, 3, 1]]
633	join	[[2, 9, 8, 8, 6, 5, 5, 5, 4, 1, 3, 3, 1]]
634	join	[[2, 9, 8, 8, 6, 5, 5, 5, 4, 1, 3, 3, 1]]
635	join	[[2, 9, 8, 8, 6, 5, 5, 5, 4, 1, 3, 3, 1]]
636	join	[[2, 9, 8, 8, 6, 5, 5, 5, 4, 1, 3, 3, 1]]
637	join	[[2, 9, 8, 8, 6, 5, 5, 5, 4, 1, 3, 3, 1]]
638	join	[[2, 9, 8, 8, 6, 5, 5, 5, 4, 1, 3, 3, 1]]
639	join	[[2, 9, 8, 8, 6, 5, 5, 5, 4, 1, 3, 3, 1]]
640	join	[[2, 9, 8, 8, 6, 5, 5, 5, 4, 1, 3, 3, 1]]
641	join	[[2, 9, 8, 8, 6, 5, 5, 5, 4, 1, 3, 3, 1]]
642	join	[[2, 9, 8, 8, 6, 5, 5, 5, 4, 1, 3, 3, 1]]
643	join	[[2, 9, 8, 8, 6, 5, 5, 5, 4, 1, 3, 3, 1]]
644	join	[[2, 9, 8, 8, 6, 5, 5, 5, 4, 1, 3, 3, 1]]
645	join	[[2, 9, 8, 8, 6, 5, 5, 5, 4, 1, 3, 3, 1]]
646	join	[[2, 9, 8, 8, 6, 5, 5, 5, 4, 1, 3, 3, 1]]
647	join	[[2, 9, 8, 8, 6, 5, 5, 5, 4, 1, 3, 3, 1]]
648	join	[[2, 9, 8, 8, 6, 5, 5, 5, 4, 1, 3, 3, 1]]
649	join	[[2, 9, 8, 8, 6, 5, 5, 5, 4, 1, 3, 3, 1]]
650	join	[[2, 9, 8, 8, 6, 5, 5, 5, 4, 1, 3, 3, 1]]
651	join	[[2, 9, 8, 8, 6, 5, 5, 5, 4, 1, 3, 3, 1]]
652	join	[[2, 9, 8, 8, 6, 5, 5, 5, 4, 1, 3, 3, 1]]
653	join	[[2, 9, 8, 8, 6, 5, 5, 5, 4, 1, 3, 3, 1]]
654	join	[[2, 9, 8, 8, 6, 5, 5, 5, 4, 1, 3, 3, 1]]
655	join	[[2, 9, 8, 8, 6, 5, 5, 5, 4, 1, 3, 3, 1]]
656	join	[[2, 9, 8, 8, 6, 5, 5, 5, 4, 1, 3, 3, 1]]
657	join	[[2, 9, 8, 8, 6, 5, 5, 5, 4, 1, 3, 3, 1]]
658	join	[[2, 9, 8, 8, 6, 5, 5, 5, 4, 1, 3, 3, 1]]
659	join	[[2, 9, 8, 8, 6, 5, 5, 5, 4, 1, 3, 3, 1]]
660	join	[[2, 9, 8, 8, 6, 5, 5, 5, 4, 1, 3, 3, 1]]
661	join	[[2, 9, 8, 8, 6, 5, 5, 5, 4, 1, 3, 3, 1]]
662	join	[[2, 9, 8, 8, 6, 5, 5, 5, 4, 1, 3, 3, 1]]
663	join	[[2, 9, 8, 8, 6, 5, 5, 5, 4, 1, 3, 3, 1]]
664	join	[[2, 9, 8, 8, 6, 5, 5, 5, 4, 1, 3, 3, 1]]
665	join	[[2, 9, 8, 8, 6, 5, 5, 5, 4, 1, 3, 3, 1]]
666	join	[[2, 9, 8, 8, 6, 5, 5, 5, 4, 1, 3, 3, 1]]
667	join	[[2, 9, 8, 8, 6, 5, 5, 5, 4, 1, 3, 3, 1]]
668	join	[[2, 9, 8, 8, 6, 5, 5, 5, 4, 1, 3, 3, 1]]
669	join	[[2, 9, 8, 8, 6, 5, 5, 5, 4, 1, 3, 3, 1]]
670	join	[[2, 9, 8, 8, 6, 5, 5, 5, 4, 1, 3, 3, 1]]
671	join	[[2, 9, 8, 8, 6, 5, 5, 5, 4, 1, 3, 3, 1]]
672	join	[[2, 9, 8, 8, 6, 5, 5, 5, 4, 1, 3, 3, 1]]
673	join	[[2, 9, 8, 8, 6, 5, 5, 5, 4, 1, 3, 3, 1]]
674	join	[[2, 9, 8, 8, 6, 5, 5, 5, 4, 1, 3, 3, 1]]
675	join	[[2, 9, 8, 8, 6, 5, 5, 5, 4, 1, 3, 3, 1]]
676	join	[[2, 9, 8, 8, 6, 5, 5, 5, 4, 1, 3, 3, 1]]
677	join	[[2, 9, 8, 8, 6, 5, 5, 5, 4, 1, 3, 3, 1]]
678	join	[[2, 9, 8, 8, 6, 5, 5, 5, 4, 1, 3, 3, 1]]
679	join	[[2, 9, 8, 8, 6, 5, 5, 5, 4, 1, 3, 3, 1]]
680	join	[[2, 9, 8, 8, 6, 5, 5, 5, 4, 1, 3, 3, 1]]
681	join	[[2, 9, 8, 8, 6, 5, 5, 5, 4, 1, 3, 3, 1]]
682	join	[[2, 9, 8, 8, 6, 5, 5, 5, 4, 1, 3, 3, 1]]
683	join	[[2, 9, 8, 8, 6, 5, 5, 5, 4, 1, 3, 3, 1]]
684	join	[[2, 9, 8, 8, 6, 5, 5, 5, 4, 1, 3, 3, 1]]
685	join	[[2, 9, 8, 8, 6, 5, 5, 5, 4, 1, 3, 3, 1]]
686	join	[[2, 9, 8, 8, 6, 5, 5, 5, 4, 1, 3, 3, 1]]
687	join	[[2, 9, 8, 8, 6, 5, 5, 5, 4, 1, 3, 3, 1]]
688	join	[[2, 9, 8, 8, 6, 5, 5, 5, 4, 1, 3, 3, 1]]
689	join	[[2, 9, 8, 8, 6, 5, 5, 5, 4, 1, 3, 3, 1]]
690	join	[[2, 9, 8, 8, 6, 5, 5, 5, 4, 1, 3, 3, 1]]
691	join	[[2, 9, 8, 8, 6, 5, 5, 5, 4, 1, 3, 3, 1]]
692	join	[[2, 9, 8, 8, 6, 5, 5, 5, 4, 1, 3, 3, 1]]
693	join	[[2, 9, 8, 8, 6, 5, 5, 5, 4, 1, 3, 3, 1]]
694	join	[[2, 9, 8, 8, 6, 5, 5, 5, 4, 1, 3, 3, 1]]
695	join	[[2, 9, 8, 8, 6, 5, 5, 5, 4, 1, 3, 3, 1]]
696	join	[[2, 9, 8, 8, 6, 5, 5, 5, 4, 1, 3, 3, 1]]
697	join	[[2, 9, 8, 8, 6, 5, 5, 5, 4, 1, 3, 3, 1]]
698	join	[[2, 9, 8, 8, 6, 5, 5, 5, 4, 1, 3, 3, 1]]
699	join	[[2, 9, 8, 8, 6, 5, 5, 5, 4, 1, 3, 3, 1]]
700	join	[[2, 9, 8, 8, 6, 5, 5, 5, 4, 1, 3, 3, 1]]
701	join	[[2, 9, 8, 8, 6, 5, 5, 5, 4, 1, 3, 3, 1]]
702	join	[[2, 9, 8, 8, 6, 5, 5, 5, 4, 1, 3, 3, 1]]
703	join	[[2, 9, 8, 8, 6, 5, 5, 5, 4, 1, 3, 3, 1]]
704	join	[[2, 9, 8, 8, 6, 5, 5, 5, 4, 1, 3, 3, 1]]
705	join	[[2, 9, 8, 8, 6, 5, 5, 5, 4, 1, 3, 3, 1]]
706	join	[[2, 9, 8, 8, 6, 5, 5, 5, 4, 1, 3, 3, 1]]
707	join	[[2, 9, 8, 8, 6, 5, 5, 5, 4, 1, 3, 3, 1]]
708	join	[[2, 9, 8, 8, 6, 5, 5, 5, 4, 1, 3, 3, 1]]
709	join	[[2, 9, 8, 8, 6, 5, 5, 5, 4, 1, 3, 3, 1]]
710	join	[[2, 9, 8, 8, 6, 5, 5, 5, 4, 1, 3, 3, 1]]
711	join	[[2, 9, 8, 8, 6, 5, 5, 5, 4, 1, 3, 3, 1]]
712	join	[[2, 9, 8, 8, 6, 5, 5, 5, 4, 1, 3, 3, 1]]
713	join	[[2, 9, 8, 8, 6, 5, 5, 5, 4, 1, 3, 3, 1]]
714	join	[[2, 9, 8, 8, 6, 5, 5, 5, 4, 1, 3, 3, 1]]
715	join	[[2, 9, 8, 8, 6, 5, 5, 5, 4, 1, 3, 3, 1]]
716	join	[[2, 9, 8, 8, 6, 5, 5, 5, 4, 1, 3, 3, 1]]
717	join	[[2, 9, 8, 8, 6, 5, 5, 5, 4, 1, 3, 3, 1]]
718	join	[[2, 9, 8, 8, 6, 5, 5, 5, 4, 1, 3, 3, 1]]
719	join	[[2, 9, 8, 8, 6, 5, 5, 5, 4, 1, 3, 3, 1]]
720	join	[[2, 9, 8, 8, 6, 5, 5, 5, 4, 1, 3, 3, 1]]
721	join	[[2, 9, 8, 8, 6, 5, 5, 5, 4, 1, 3, 3, 1]]
722	join	[[2, 9, 8, 8, 6, 5, 5, 5, 4, 1, 3, 3, 1]]
723	join	[[2, 9, 8, 8, 6, 5, 5, 5, 4, 1, 3, 3, 1]]
724	join	[[2, 9, 8, 8, 6, 5, 5, 5, 4, 1, 3, 3, 1]]
725	join	[[2, 9, 8, 8, 6, 5, 5, 5, 4, 1, 3, 3, 1]]
726	join	[[2, 9, 8, 8, 6, 5, 5, 5, 4, 1, 3, 3, 1]]
727	join	[[2, 9, 8, 8, 6, 5, 5, 5, 4, 1, 3, 3, 1]]
728	join	[[2, 9, 8, 8, 6, 5, 5, 5, 4, 1, 3, 3, 1]]
729	join	[[2, 9, 8, 8, 6, 5, 5, 5, 4, 1, 3, 3, 1]]
730	join	[[2, 9, 8, 8, 6, 5, 5, 5, 4, 1, 3, 3, 1]]
731	join	[[2, 9, 8, 8, 6, 5, 5, 5, 4, 1, 3, 3, 1]]
732	join	[[2, 9, 8, 8, 6, 5, 5, 5, 4, 1, 3, 3, 1]]
733	join	[[2, 9, 8, 8, 6, 5, 5, 5, 4, 1, 3, 3, 1]]
734	join	[[2, 9, 8, 8, 6, 5, 5, 5, 4, 1, 3, 3, 1]]
735	join	[[2, 9, 8, 8, 6, 5, 5, 5, 4, 1, 3, 3, 1]]
736	join	[[2, 9, 8, 8, 6, 5, 5, 5, 4, 1, 3, 3, 1]]
737	join	[[2, 9, 8, 8, 6, 5, 5, 5, 4, 1, 3, 3, 1]]
738	join	[[2, 9, 8, 8, 6, 5, 5, 5, 4, 1, 3, 3, 1]]
739	join	[[2, 9, 8, 8, 6, 5, 5, 5, 4, 1, 3, 3, 1]]
740	join	[[2, 9, 8, 8, 6, 5, 5, 5, 4, 1, 3, 3, 1]]
741	join	[[2, 9, 8, 8, 6, 5, 5, 5, 4, 1, 3, 3, 1]]
742	join	[[2, 9, 8, 8, 6, 5, 5, 5, 4, 1, 3, 3, 1]]
743	join	[[2, 9, 8, 8, 6, 5, 5, 5, 4, 1, 3, 3, 1]]
744	join	[[2, 9, 8, 8, 6, 5, 5, 5, 4, 1, 3, 3, 1]]
745	join	[[2, 9, 8, 8, 6, 5, 5, 5, 4, 1, 3, 3, 1]]
746	join	[[2, 9, 8, 8, 6, 5, 5, 5, 4, 1, 3, 3, 1]]
747	join	[[2, 9, 8, 8, 6, 5, 5, 5, 4, 1, 3, 3, 1]]
748	join	[[2, 9, 8, 8, 6, 5, 5, 5, 4, 1, 3, 3, 1]]
749	join	[[2, 9, 8, 8, 6, 5, 5, 5, 4, 1, 3, 3, 1]]
750	join	[[2, 9, 8, 8, 6, 5, 5, 5, 4, 1, 3, 3, 1]]
751	join	[[2, 9, 8, 8, 6, 5, 5, 5, 4, 1, 3, 3, 1]]
752	join	[[2, 9, 8, 8, 6, 5, 5, 5, 4, 1, 3, 3, 1]]
753	join	[[2, 9, 8, 8, 6, 5, 5, 5, 4, 1, 3, 3, 1]]
754	join	[[2, 9, 8, 8, 6, 5, 5, 5, 4, 1, 3, 3, 1]]
755	join	[[2, 9, 8, 8, 6, 5, 5, 5, 4, 1, 3, 3, 1]]
756	join	[[2, 9, 8, 8, 6, 5, 5, 5, 4, 1, 3, 3, 1]]
757	join	[[2, 9, 8, 8, 6, 5, 5, 5, 4, 1, 3, 3, 1]]
758	join	[[2, 9, 8, 8, 6, 5, 5, 5, 4, 1, 3, 3, 1]]
759	join	[[2, 9, 8, 8, 6, 5, 5, 5, 4, 1, 3, 3, 1]]
760	join	[[2, 9, 8, 8, 6, 5, 5, 5, 4, 1, 3, 3, 1]]
761	join	[[2, 9, 8, 8, 6, 5, 5, 5, 4, 1, 3, 3, 1]]
762	join	[[2, 9, 8, 8, 6, 5, 5, 5, 4, 1, 3, 3, 1]]
763	join	[[2, 9, 8, 8, 6, 5, 5, 5, 4, 1, 3, 3, 1]]
764	join	[[2, 9, 8, 8, 6, 5, 5, 5, 4, 1, 3, 3, 1]]
765	join	[[2, 9, 8, 8, 6, 5, 5, 5, 4, 1, 3, 3, 1]]
766	join	[[2, 9, 8, 8, 6, 5, 5, 5, 4, 1, 3, 3, 1]]
767	join	[[2, 9, 8, 8, 6, 5, 5, 5, 4, 1, 3, 3, 1]]
768	join	[[2, 9, 8, 8, 6, 5, 5, 5, 4, 1, 3, 3, 1]]
769	join	[[2, 9, 8, 8, 6, 5, 5, 5, 4, 1, 3, 3, 1]]
770	join	[[2, 9, 8, 8, 6, 5, 5, 5, 4, 1, 3, 3, 1]]
771	join	[[2, 9, 8, 8, 6, 5, 5, 5, 4, 1, 3, 3, 1]]
772	join	[[2, 9, 8, 8, 6, 5, 5, 5, 4, 1, 3, 3, 1]]
773	join	[[2, 9, 8, 8, 6, 5, 5, 5, 4, 1, 3, 3, 1]]
774	join	[[2, 9, 8, 8, 6, 5, 5, 5, 4, 1, 3, 3, 1]]
775	join	[[2, 9, 8, 8, 6, 5, 5, 5, 4, 1, 3, 3, 1]]
776	join	[[2, 9, 8, 8, 6, 5, 5, 5, 4, 1, 3, 3, 1]]
777	join	[[2, 9, 8, 8, 6, 5, 5, 5, 4, 1, 3, 3, 1]]
778	join	[[2, 9, 8, 8, 6, 5, 5, 5, 4, 1, 3, 3, 1]]
779	join	[[2, 9, 8, 8, 6, 5, 5, 5, 4, 1, 3, 3, 1]]
780	join	[[2, 9, 8, 8, 6, 5, 5, 5, 4, 1, 3, 3, 1]]
781	join	[[2, 9, 8, 8, 6, 5, 5, 5, 4, 1, 3, 3, 1]]
782	join	[[2, 9, 8, 8, 6, 5, 5, 5, 4, 1, 3, 3, 1]]
783	join	[[2, 9, 8, 8, 6, 5, 5, 5, 4, 1, 3, 3, 1]]
784	join	[[2, 9, 8, 8, 6, 5, 5, 5, 4, 1, 3, 3, 1]]
785	join	[[2, 9, 8, 8, 6, 5, 5, 5, 4, 1, 3, 3, 1]]
786	join	[[2, 9, 8, 8, 6, 5, 5, 5, 4, 1, 3, 3, 1]]
787	join	[[2, 9, 8, 8, 6, 5, 5, 5, 4, 1, 3, 3, 1]]
788	join	[[2, 9, 8, 8, 6, 5, 5, 5, 4, 1, 3, 3, 1]]
789	join	[[2, 9, 8, 8, 6, 5, 5, 5, 4, 1, 3, 3, 1]]
790	join	[[2, 9, 8, 8, 6, 5, 5, 5, 4, 1, 3, 3, 1]]
791	join	[[2, 9, 8, 8, 6, 5, 5, 5, 4, 1, 3, 3, 1]]
792	join	[[2, 9, 8, 8, 6, 5, 5, 5, 4, 1, 3, 3, 1]]
793	join	[[2, 9, 8, 8, 6, 5, 5, 5, 4, 1, 3, 3, 1]]
794	join	[[2, 9, 8, 8, 6, 5, 5, 5, 4, 1, 3, 3, 1]]
795	join	[[2, 9, 8, 8, 6, 5, 5, 5, 4, 1, 3, 3, 1]]
796	join	[[2, 9, 8, 8, 6, 5, 5, 5, 4, 1, 3, 3, 1]]
797	join	[[2, 9, 8, 8, 6, 5, 5, 5, 4, 1, 3, 3, 1]]
798	join	[[2, 9, 8, 8, 6, 5, 5, 5, 4, 1, 3, 3, 1]]
799	join	[[2, 9, 8, 8, 6, 5, 5, 5, 4, 1, 3, 3, 1]]
800	join	[[2, 9, 8, 8, 6, 5, 5, 5, 4, 1, 3, 3, 1]]
801	join	[[2, 9, 8, 8, 6, 5, 5, 5, 4, 1, 3, 3, 1]]
802	join	[[2, 9, 8, 8, 6, 5, 5, 5, 4, 1, 3, 3, 1]]
803	join	[[2, 9, 8, 8, 6, 5, 5, 5, 4, 1, 3, 3, 1]]
804	join	[[2, 9, 8, 8, 6, 5, 5, 5, 4, 1, 3, 3, 1]]
805	join	[[2, 9, 8, 8, 6, 5, 5, 5, 4, 1, 3, 3, 1]]
806	join	[[2, 9, 8, 8, 6, 5, 5, 5, 4, 1, 3, 3, 1]]
807	join	[[2, 9, 8, 8, 6, 5, 5, 5, 4, 1, 3, 3, 1]]
808	join	[[2, 9, 8, 8, 6, 5, 5, 5, 4, 1, 3, 3, 1]]
809	join	[[2, 9, 8, 8, 6, 5, 5, 5, 4, 1, 3, 3, 1]]
810	join	[[2, 9, 8, 8, 6, 5, 5, 5, 4, 1, 3, 3, 1]]
811	join	[[2, 9, 8, 8, 6, 5, 5, 5, 4, 1, 3, 3, 1]]
812	join	[[2, 9, 8, 8, 6, 5, 5, 5, 4, 1, 3, 3, 1]]
813	join	[[2, 9, 8, 8, 6, 5, 5, 5, 4, 1, 3, 3, 1]]
814	join	[[2, 9, 8, 8, 6, 5, 5, 5, 4, 1, 3, 3, 1]]
815	join	[[2, 9, 8, 8, 6, 5, 5, 5, 4, 1, 3, 3, 1]]
816	join	[[2, 9, 8, 8, 6, 5, 5, 5, 4, 1, 3, 3, 1]]
817	join	[[2, 9, 8, 8, 6, 5, 5, 5, 4, 1, 3, 3, 1]]
818	join	[[2, 9, 8, 8, 6, 5, 5, 5, 4, 1, 3, 3, 1]]
819	join	[[2, 9, 8, 8, 6, 5, 5, 5, 4, 1, 3, 3, 1]]
820	join	[[2, 9, 8, 8, 6, 5, 5, 5, 4, 1, 3, 3, 1]]
821	join	[[2, 9, 8, 8, 6, 5, 5, 5, 4, 1, 3, 3, 1]]
822	join	[[2, 9, 8, 8, 6, 5, 5, 5, 4, 1, 3, 3, 1]]
823	join	[[2, 9, 8, 8, 6, 5, 5, 5, 4, 1, 3, 3, 1]]
824	join	[[2, 9, 8, 8, 6, 5, 5, 5, 4, 1, 3, 3, 1]]
825	join	[[2, 9, 8, 8, 6, 5, 5, 5, 4, 1, 3, 3, 1]]
826	join	[[2, 9, 8, 8, 6, 5, 5, 5, 4, 1, 3, 3, 1]]
827	join	[[2, 9, 8, 8, 6, 5, 5, 5, 4, 1, 3, 3, 1]]
828	join	[[2, 9, 8, 8, 6, 5, 5, 5, 4, 1, 3, 3, 1]]
829	join	[[2, 9, 8, 8, 6, 5, 5, 5, 4, 1, 3, 3, 1]]
830	join	[[2, 9, 8, 8, 6, 5, 5, 5, 4, 1, 3, 3, 1]]
831	join	[[2, 9, 8, 8, 6, 5, 5, 5, 4, 1, 3, 3, 1]]
832	join	[[2, 9, 8, 8, 6, 5, 5, 5, 4, 1, 3, 3, 1]]
833	join	[[2, 9, 8, 8, 6, 5, 5, 5, 4, 1, 3, 3, 1]]
834	join	[[2, 9, 8, 8, 6, 5, 5, 5, 4, 1, 3, 3, 1]]
835	join	[[2, 9, 8, 8, 6, 5, 5, 5, 4, 1, 3, 3, 1]]
836	join	[[2, 9, 8, 8, 6, 5, 5, 5, 4, 1, 3, 3, 1]]
837	join	[[2, 9, 8, 8, 6, 5, 5, 5, 4, 1, 3, 3, 1]]
838	join	[[2, 9, 8, 8, 6, 5, 5, 5, 4, 1, 3, 3, 1]]
839	join	[[2, 9, 8, 8, 6, 5, 5, 5, 4, 1, 3, 3, 1]]
840	join	[[2, 9, 8, 8, 6, 5, 5, 5, 4, 1, 3, 3, 1]]
841	join	[[2, 9, 8, 8, 6, 5, 5, 5, 4, 1, 3, 3, 1]]
842	join	[[2, 9, 8, 8, 6, 5, 5, 5, 4, 1, 3, 3, 1]]
843	join	[[2, 9, 8, 8, 6, 5, 5, 5, 4, 1, 3, 3, 1]]
844	join	[[2, 9, 8, 8, 6, 5, 5, 5, 4, 1, 3, 3, 1]]
845	join	[[2, 9, 8, 8, 6, 5, 5, 5, 4, 1, 3, 3, 1]]
846	join	[[2, 9, 8, 8, 6, 5, 5, 5, 4, 1, 3, 3, 1]]
847	join	[[2, 9, 8, 8, 6, 5, 5, 5, 4, 1, 3, 3, 1]]
848	join	[[2, 9, 8, 8, 6, 5, 5, 5, 4, 1, 3, 3, 1]]
849	join	[[2, 9, 8, 8, 6, 5, 5, 5, 4, 1, 3, 3, 1]]
850	join	[[2, 9, 8, 8, 6, 5, 5, 5, 4, 1, 3, 3, 1]]
851	join	[[2, 9, 8, 8, 6, 5, 5, 5, 4, 1, 3, 3, 1]]
852	join	[[2, 9, 8, 8, 6, 5, 5, 5, 4, 1, 3, 3, 1]]
853	join	[[2, 9, 8, 8, 6, 5, 5, 5, 4, 1, 3, 3, 1]]
854	join	[[2, 9, 8, 8, 6, 5, 5, 5, 4, 1, 3, 3, 1]]
855	join	[[2, 9, 8, 8, 6, 5, 5, 5, 4, 1, 3, 3, 1]]
856	join	[[2, 9, 8, 8, 6, 5, 5, 5, 4, 1, 3, 3, 1]]
857	join	[[2, 9, 8, 8, 6, 5, 5, 5, 4, 1, 3, 3, 1]]
858	join	[[2, 9, 8, 8, 6, 5, 5, 5, 4, 1, 3, 3, 1]]
859	join	[[2, 9, 8, 8, 6, 5, 5, 5, 4, 1, 3, 3, 1]]
860	join	[[2, 9, 8, 8, 6, 5, 5, 5, 4, 1, 3, 3, 1]]
861	join	[[2, 9, 8, 8, 6, 5, 5, 5, 4, 1, 3, 3, 1]]
862	join	[[2, 9, 8, 8, 6, 5, 5, 5, 4, 1, 3, 3, 1]]
863	join	[[2, 9, 8, 8, 6, 5, 5, 5, 4, 1, 3, 3, 1]]
864	join	[[2, 9, 8, 8, 6, 5, 5, 5, 4, 1, 3, 3, 1]]
865	join	[[2, 9, 8, 8, 6, 5, 5, 5, 4, 1, 3, 3, 1]]
866	join	[[2, 9, 8, 8, 6, 5, 5, 5, 4, 1, 3, 3, 1]]
867	join	[[2, 9, 8, 8, 6, 5, 5, 5, 4, 1, 3, 3, 1]]
868	join	[[2, 9, 8, 8, 6, 5, 5, 5, 4, 1, 3, 3, 1]]
869	join	[[2, 9, 8, 8, 6, 5, 5, 5, 4, 1, 3, 3, 1]]
870	join	[[2, 9, 8, 8, 6, 5, 5, 5, 4, 1, 3, 3, 1]]
871	join	[[2, 9, 8, 8, 6, 5, 5, 5, 4, 1, 3, 3, 1]]
872	join	[[2, 9, 8, 8, 6, 5, 5, 5, 4, 1, 3, 3, 1]]
873	join	[[2, 9, 8, 8, 6, 5, 5, 5, 4, 1, 3, 3, 1]]
874	join	[[2, 9, 8, 8, 6, 5, 5, 5, 4, 1, 3, 3, 1]]
875	join	[[2, 9, 8, 8, 6, 5, 5, 5, 4, 1, 3, 3, 1]]
876	join	[[2, 9, 8, 8, 6, 5, 5, 5, 4, 1, 3, 3, 1]]
877	join	[[2, 9, 8, 8, 6, 5, 5, 5, 4, 1, 3, 3, 1]]
878	join	[[2, 9, 8, 8, 6, 5, 5, 5, 4, 1, 3, 3, 1]]
879	join	[[2, 9, 8, 8, 6, 5, 5, 5, 4, 1, 3, 3, 1]]
880	join	[[2, 9, 8, 8, 6, 5, 5, 5, 4, 1, 3, 3, 1]]
881	join	[[2, 9, 8, 8, 6, 5, 5, 5, 4, 1, 3, 3, 1]]
882	join	[[2, 9, 8, 8, 6, 5, 5, 5, 4, 1, 3, 3, 1]]
883	join	[[2, 9, 8, 8, 6, 5, 5, 5, 4, 1, 3, 3, 1]]
884	join	[[2, 9, 8, 8, 6, 5, 5, 5, 4, 1, 3, 3, 1]]
885	join	[[2, 9, 8, 8, 6, 5, 5, 5, 4, 1, 3, 3, 1]]
886	join	[[2, 9, 8, 8, 6, 5, 5, 5, 4, 1, 3, 3, 1]]
887	join	[[2, 9, 8, 8, 6, 5, 5, 5, 4, 1, 3, 3, 1]]
888	join	[[2, 9, 8, 8, 6, 5, 5, 5, 4, 1, 3, 3, 1]]
889	join	[[2, 9, 8, 8, 6, 5, 5, 5, 4, 1, 3, 3, 1]]
890	join	[[2, 9, 8, 8, 6, 5, 5, 5, 4, 1, 3, 3, 1]]
891	join	[[2, 9, 8, 8, 6, 5, 5, 5, 4, 1, 3, 3, 1]]
892	join	[[2, 9, 8, 8, 6, 5, 5, 5, 4, 1, 3, 3, 1]]
893	join	[[2, 9, 8, 8, 6, 5, 5, 5, 4, 1, 3, 3, 1]]
894	join	[[2, 9, 8, 8, 6, 5, 5, 5, 4, 1, 3, 3, 1]]
895	join	[[2, 9, 8, 8, 6, 5, 5, 5, 4, 1, 3, 3, 1]]
896	join	[[2, 9, 8, 8, 6, 5, 5, 5, 4, 1, 3, 3, 1]]
897	join	[[2, 9, 8, 8, 6, 5, 5, 5, 4, 1, 3, 3, 1]]
898	join	[[2, 9, 8, 8, 6, 5, 5, 5, 4, 1, 3, 3, 1]]
899	join	[[2, 9, 8, 8, 6, 5, 5, 5, 4, 1, 3, 3, 1]]
900	join	[[2, 9, 8, 8, 6, 5, 5, 5, 4, 1, 3, 3, 1]]
901	join	[[2, 9, 8, 8, 6, 5, 5, 5, 4, 1, 3, 3, 1]]
902	join	[[2, 9, 8, 8, 6, 5, 5, 5, 4, 1, 3, 3, 1]]
903	join	[[2, 9, 8, 8, 6, 5, 5, 5, 4, 1, 3, 3, 1]]
904	join	[[2, 9, 8, 8, 6, 5, 5, 5, 4, 1, 3, 3, 1]]
905	join	[[2, 9, 8, 8, 6, 5, 5, 5, 4, 1, 3, 3, 1]]
906	join	[[2, 9, 8, 8, 6, 5, 5, 5, 4, 1, 3, 3, 1]]
907	join	[[2, 9, 8, 8, 6, 5, 5, 5, 4, 1, 3, 3, 1]]
908	join	[[2, 9, 8, 8, 6, 5, 5, 5, 4, 1, 3, 3, 1]]
909	join	[[2, 9, 8, 8, 6, 5, 5, 5, 4, 1, 3, 3, 1]]
910	join	[[2, 9, 8, 8, 6, 5, 5, 5, 4, 1, 3, 3, 1]]
911	join	[[2, 9, 8, 8, 6, 5, 5, 5, 4, 1, 3, 3, 1]]
912	join	[[2, 9, 8, 8, 6, 5, 5, 5, 4, 1, 3, 3, 1]]
913	join	[[2, 9, 8, 8, 6, 5, 5, 5, 4, 1, 3, 3, 1]]
914	join	[[2, 9, 8, 8, 6, 5, 5, 5, 4, 1, 3, 3, 1]]
915	join	[[2, 9, 8, 8, 6, 5, 5, 5, 4, 1, 3, 3, 1]]
916	join	[[2, 9, 8, 8, 6, 5, 5, 5, 4, 1, 3, 3, 1]]
917	join	[[2, 9, 8, 8, 6, 5, 5, 5, 4, 1, 3, 3, 1]]
918	join	[[2, 9, 8, 8, 6, 5, 5, 5, 4, 1, 3, 3, 1]]
919	join	[[2, 9, 8, 8, 6, 5, 5, 5, 4, 1, 3, 3, 1]]
920	join	[[2, 9, 8, 8, 6, 5, 5, 5, 4, 1, 3, 3, 1]]
921	join	[[2, 9, 8, 8, 6, 5, 5, 5, 4, 1, 3, 3, 1]]
922	join	[[2, 9, 8, 8, 6, 5, 5, 5, 4, 1, 3, 3, 1]]
923	join	[[2, 9, 8, 8, 6, 5, 5, 5, 4, 1, 3, 3, 1]]
924	join	[[2, 9, 8, 8, 6, 5, 5, 5, 4, 1, 3, 3, 1]]
925	join	[[2, 9, 8, 8, 6, 5, 5, 5, 4, 1, 3, 3, 1]]
926	join	[[2, 9, 8, 8, 6, 5, 5, 5, 4, 1, 3, 3, 1]]
927	join	[[2, 9, 8, 8, 6, 5, 5, 5, 4, 1, 3, 3, 1]]
928	join	[[2, 9, 8, 8, 6, 5, 5, 5, 4, 1, 3, 3, 1]]
929	join	[[2, 9, 8, 8, 6, 5, 5, 5, 4, 1, 3, 3, 1]]
930	join	[[2, 9, 8, 8, 6, 5, 5, 5, 4, 1, 3, 3, 1]]
931	join	[[2, 9, 8, 8, 6, 5, 5, 5, 4, 1, 3, 3, 1]]
932	join	[[2, 9, 8, 8, 6, 5, 5, 5, 4, 1, 3, 3, 1]]
933	join	[[2, 9, 8, 8, 6, 5, 5, 5, 4, 1, 3, 3, 1]]
934	join	[[2, 9, 8, 8, 6, 5, 5, 5, 4, 1, 3, 3, 1]]
935	join	[[2, 9, 8, 8, 6, 5, 5, 5, 4, 1, 3, 3, 1]]
936	join	[[2, 9, 8, 8, 6, 5, 5, 5, 4, 1, 3, 3, 1]]
937	join	[[2, 9, 8, 8, 6, 5, 5, 5, 4, 1, 3, 3, 1]]
938	join	[[2, 9, 8, 8, 6, 5, 5, 5, 4, 1, 3, 3, 1]]
939	join	[[2, 9, 8, 8, 6, 5, 5, 5, 4, 1, 3, 3, 1]]
940	join	[[2, 9, 8, 8, 6, 5, 5, 5, 4, 1, 3, 3, 1]]
941	join	[[2, 9, 8, 8, 6, 5, 5, 5, 4, 1, 3, 3, 1]]
942	join	[[2, 9, 8, 8, 6, 5, 5, 5, 4, 1, 3, 3, 1]]
943	join	[[2, 9, 8, 8, 6, 5, 5, 5, 4, 1, 3, 3, 1]]
944	join	[[2, 9, 8, 8, 6, 5, 5, 5, 4, 1, 3, 3, 1]]
945	join	[[2, 9, 8, 8, 6, 5, 5, 5, 4, 1, 3, 3, 1]]
946	join	[[2, 9, 8, 8, 6, 5, 5, 5, 4, 1, 3, 3, 1]]
947	join	[[2, 9, 8, 8, 6, 5, 5, 5, 4, 1, 3, 3, 1]]
948	join	[[2, 9, 8, 8, 6, 5, 5, 5, 4, 1, 3, 3, 1]]
949	join	[[2, 9, 8, 8, 6, 5, 5, 5, 4, 1, 3, 3, 1]]
950	join	[[2, 9, 8, 8, 6, 5, 5, 5, 4, 1, 3, 3, 1]]
951	join	[[2, 9, 8, 8, 6, 5, 5, 5, 4, 1, 3, 3, 1]]
952	join	[[2, 9, 8, 8, 6, 5, 5, 5, 4, 1, 3, 3, 1]]
953	join	[[2, 9, 8, 8, 6, 5, 5, 5, 4, 1, 3, 3, 1]]
954	join	[[2, 9, 8, 8, 6, 5, 5, 5, 4, 1, 3, 3, 1]]
955	join	[[2, 9, 8, 8, 6, 5, 5, 5, 4, 1, 3, 3, 1]]
956	join	[[2, 9, 8, 8, 6, 5, 5, 5, 4, 1, 3, 3, 1]]
957	join	[[2, 9, 8, 8, 6, 5, 5, 5, 4, 1, 3, 3, 1]]
958	join	[[2, 9, 8, 8, 6, 5, 5, 5, 4, 1, 3, 3, 1]]
959	join	[[2, 9, 8, 8, 6, 5, 5, 5, 4, 1, 3, 3, 1]]
960	join	[[2, 9, 8, 8, 6, 5, 5, 5, 4, 1, 3, 3, 1]]
961	join	[[2, 9, 8, 8, 6, 5, 5, 5, 4, 1, 3, 3, 1]]
962	join	[[2, 9, 8, 8, 6, 5, 5, 5, 4, 1, 3, 3, 1]]
963	join	[[2, 9, 8, 8, 6, 5, 5, 5, 4, 1, 3, 3, 1]]
964	join	[[2, 9, 8, 8, 6, 5, 5, 5, 4, 1, 3, 3, 1]]
965	join	[[2, 9, 8, 8, 6, 5, 5, 5, 4, 1, 3, 3, 1]]
966	join	[[2, 9, 8, 8, 6, 5, 5, 5, 4, 1, 3, 3, 1]]
967	join	[[2, 9, 8, 8, 6, 5, 5, 5, 4, 1, 3, 3, 1]]
968	join	[[2, 9, 8, 8, 6, 5, 5, 5, 4, 1, 3, 3, 1]]
969	join	[[2, 9, 8, 8, 6, 5, 5, 5, 4, 1, 3, 3, 1]]
970	join	[[2, 9, 8, 8, 6, 5, 5, 5, 4, 1, 3, 3, 1]]
971	join	[[2, 9, 8, 8, 6, 5, 5, 5, 4, 1, 3, 3, 1]]
972	join	[[2, 9, 8, 8, 6, 5, 5, 5, 4, 1, 3, 3, 1]]
973	join	[[2, 9, 8, 8, 6, 5, 5, 5, 4, 1, 3, 3, 1]]
974	join	[[2, 9, 8, 8, 6, 5, 5, 5, 4, 1, 3, 3, 1]]
975	join	[[2, 9, 8, 8, 6, 5, 5, 5, 4, 1, 3, 3, 1]]
976	join	[[2, 9, 8, 8, 6, 5, 5, 5, 4, 1, 3, 3, 1]]
977	join	[[2, 9, 8, 8, 6, 5, 5, 5, 4, 1, 3, 3, 1]]
978	join	[[2, 9, 8, 8, 6, 5, 5, 5, 4, 1, 3, 3, 1]]
979	join	[[2, 9, 8, 8, 6, 5, 5, 5, 4, 1, 3, 3, 1]]
980	join	[[2, 9, 8, 8, 6, 5, 5, 5, 4, 1, 3, 3, 1]]
981	join	[[2, 9, 8, 8, 6, 5, 5, 5, 4, 1, 3, 3, 1]]
982	join	[[2, 9, 8, 8, 6, 5, 5, 5, 4, 1, 3, 3, 1]]
983	join	[[2, 9, 8, 8, 6, 5, 5, 5, 4, 1, 3, 3, 1]]
984	join	[[2, 9, 8, 8, 6, 5, 5, 5, 4, 1, 3, 3, 1]]
985	join	[[2, 9, 8, 8, 6, 5, 5, 5, 4, 1, 3, 3, 1]]
986	join	[[2, 9, 8, 8, 6, 5, 5, 5, 4, 1, 3, 3, 1]]
987	join	[[2, 9, 8, 8, 6, 5, 5, 5, 4, 1, 3, 3, 1]]
988	join	[[2, 9, 8, 8, 6, 5, 5, 5, 4, 1, 3, 3, 1]]
989	join	[[2, 9, 8, 8, 6, 5, 5, 5, 4, 1, 3, 3, 1]]
990	join	[[2, 9, 8, 8, 6, 5, 5, 5, 4, 1, 3, 3, 1]]
991	join	[[2, 9, 8, 8, 6, 5, 5, 5, 4, 1, 3, 3, 1]]
992	join	[[2, 9, 8, 8, 6, 5, 5, 5, 4, 1, 3, 3, 1]]
993	join	[[2, 9, 8, 8, 6, 5, 5, 5, 4, 1, 3, 3, 1]]
994	join	[[2, 9, 8, 8, 6, 5, 5, 5, 4, 1, 3, 3, 1]]
995	join	[[2, 9, 8, 8, 6, 5, 5, 5, 4, 1, 3, 3, 1]]
996	join	[[2, 9, 8, 8, 6, 5, 5, 5, 4, 1, 3, 3, 1]]
997	join	[[2, 9, 8, 8, 6, 5, 5, 5, 4, 1, 3, 3, 1]]
998	join	[[2, 9, 8, 8, 6, 5, 5, 5, 4, 1, 3, 3, 1]]
999	join	[[2, 9, 8, 8, 6, 5, 5, 5, 4, 1, 3, 3, 1]]
